FIPS,State,County,Mortality Z-Score,Mortality Rank,Morbidity Z-Score,Morbidity Rank,Health Behaviors Z-Score,Health Behaviors Rank,Clinical Care Z-Score,Clinical Care Rank,Social & Economic Factors Z-Score,Social & Economic Factors Rank,Physical Environment Z-Score,Physical Environment Rank,Year
27001,Minnesota,Aitkin,0.12,58,-0.41,8,-0.1,18,0.21,80,0.35,77,-0.03,21,2010
27003,Minnesota,Anoka,-0.4,17,0.11,56,0.08,67,-0.09,18,-0.12,28,0.08,85,2010
27005,Minnesota,Becker,0.67,75,0.12,58,0.32,83,-0.05,29,0.18,73,0,44,2010
27007,Minnesota,Beltrami,1.13,84,0,45,0.6,85,0.03,56,0.64,83,-0.01,37,2010
27009,Minnesota,Benton,0.01,52,0.42,79,-0.22,7,0.04,60,-0.05,37,-0.01,35,2010
27011,Minnesota,Big Stone,0.77,81,0,44,-0.02,38,-0.06,26,0,45,0.02,59,2010
27013,Minnesota,Blue Earth,-0.4,18,-0.15,27,0.04,56,-0.06,27,-0.23,13,0,48,2010
27015,Minnesota,Brown,-0.32,22,-0.35,13,0.25,82,-0.1,14,-0.12,27,-0.03,19,2010
27017,Minnesota,Carlton,0.13,60,0.34,78,0.04,54,-0.02,42,0.01,53,-0.02,33,2010
27019,Minnesota,Carver,-0.9,1,-0.09,33,-0.08,23,-0.13,9,-0.56,1,0.03,67,2010
27021,Minnesota,Cass,0.89,83,0.12,59,0.24,80,0.18,77,0.65,84,-0.04,13,2010
27023,Minnesota,Chippewa,-0.57,7,-0.15,26,0.06,60,-0.04,32,-0.13,26,-0.06,4,2010
27025,Minnesota,Chisago,-0.06,41,0.24,68,0.13,72,-0.05,30,-0.05,36,0,40,2010
27027,Minnesota,Clay,0.05,53,0.2,66,-0.11,17,-0.09,17,-0.19,18,-0.03,24,2010
27029,Minnesota,Clearwater,0.3,68,-0.42,4,0.02,51,0.23,84,0.68,85,-0.04,14,2010
27031,Minnesota,Cook,NA,999,NA,999,NA,999,NA,999,NA,999,NA,999,2010
27033,Minnesota,Cottonwood,0.39,70,0.28,74,0.02,49,-0.08,22,-0.09,32,-0.03,23,2010
27035,Minnesota,Crow Wing,0,45,0.18,63,-0.01,42,0.04,59,0.11,66,0.03,68,2010
27037,Minnesota,Dakota,-0.5,9,-0.03,39,-0.27,3,-0.16,6,-0.29,6,-0.04,15,2010
27039,Minnesota,Dodge,-0.16,35,-0.09,31,0.04,57,0.02,52,-0.21,14,-0.01,34,2010
27041,Minnesota,Douglas,-0.14,38,-0.22,20,-0.14,13,-0.09,16,-0.02,40,-0.01,39,2010
27043,Minnesota,Faribault,-0.2,32,0.21,67,-0.1,20,0.09,67,0.01,52,0.04,70,2010
27045,Minnesota,Fillmore,-0.24,28,-0.36,11,-0.19,8,0.09,66,0.01,51,0.02,57,2010
27047,Minnesota,Freeborn,-0.04,42,0.3,75,0.22,79,-0.04,33,0,46,0.05,77,2010
27049,Minnesota,Goodhue,-0.16,36,0.04,47,0.25,81,-0.08,21,-0.08,33,0.02,58,2010
27051,Minnesota,Grant,0,46,0.14,60,-0.05,28,0.22,83,0.08,61,0,46,2010
27053,Minnesota,Hennepin,-0.23,30,0.17,62,-0.5,1,-0.2,3,0.08,62,-0.02,31,2010
27055,Minnesota,Houston,0.08,55,0.09,51,-0.09,21,-0.1,12,-0.26,10,-0.05,8,2010
27057,Minnesota,Hubbard,-0.28,25,-0.26,19,0.02,50,-0.06,25,0.32,75,-0.05,6,2010
27059,Minnesota,Isanti,-0.38,20,0.49,82,0.16,77,0.02,54,0,47,-0.04,18,2010
27061,Minnesota,Itasca,0.17,64,0.05,48,0.13,71,-0.07,24,0.17,72,0,47,2010
27063,Minnesota,Jackson,-0.83,2,-0.36,12,-0.06,25,-0.03,37,-0.2,16,0.01,56,2010
27065,Minnesota,Kanabec,0.16,63,0.14,61,0.05,58,0,48,0.45,81,-0.07,3,2010
27067,Minnesota,Kandiyohi,-0.28,24,-0.38,9,0.04,53,-0.13,8,0.02,54,-0.01,38,2010
27069,Minnesota,Kittson,0,46,0.24,70,0.06,61,0.14,73,0.01,50,0.05,74,2010
27071,Minnesota,Koochiching,0.75,79,-0.05,37,-0.04,33,0.05,62,0.36,79,0.03,63,2010
27073,Minnesota,Lac qui Parle,0.65,74,-0.9,1,-0.06,26,0.17,76,-0.08,35,-0.01,36,2010
27075,Minnesota,Lake,0.77,80,0.47,81,-0.05,30,-0.06,28,-0.14,23,-0.02,26,2010
27077,Minnesota,Lake of the Woods,0,46,0.6,83,0.03,52,0.23,85,0.05,60,0.06,79,2010
27079,Minnesota,Le Sueur,-0.48,11,-0.2,22,-0.04,32,0.01,51,-0.01,42,0,43,2010
27081,Minnesota,Lincoln,0.12,59,-0.14,29,-0.06,27,0.06,64,-0.09,31,-0.03,22,2010
27083,Minnesota,Lyon,0,44,-0.14,28,0.13,73,0,49,-0.3,5,0.01,53,2010
27085,Minnesota,McLeod,-0.44,16,-0.41,6,-0.13,15,-0.01,43,0,49,-0.02,30,2010
27087,Minnesota,Mahnomen,1.5,85,-0.41,7,0.15,75,0.03,55,0.55,82,-0.03,25,2010
27089,Minnesota,Marshall,-0.71,4,-0.16,25,-0.01,39,0.22,82,0.17,70,-0.09,1,2010
27091,Minnesota,Martin,-0.02,43,0.43,80,0.1,70,-0.05,31,0,48,0.02,60,2010
27093,Minnesota,Meeker,0.11,57,-0.38,10,0.35,84,-0.01,47,-0.05,38,-0.02,29,2010
27095,Minnesota,Mille Lacs,0.53,73,-0.3,16,0.1,69,0.03,57,0.35,78,0.03,64,2010
27097,Minnesota,Morrison,0.15,62,0.76,84,0.16,76,-0.01,46,0.12,68,-0.02,27,2010
27099,Minnesota,Mower,-0.28,26,0.25,72,-0.03,34,0.04,58,0.03,56,0.01,54,2010
27101,Minnesota,Murray,0.69,76,0.19,64,0.01,45,0.19,79,-0.08,34,0.07,82,2010
27103,Minnesota,Nicollet,-0.46,14,-0.09,32,-0.18,9,-0.08,20,-0.35,4,0,45,2010
27105,Minnesota,Nobles,-0.48,12,0.24,69,0.04,55,-0.02,40,0.11,64,0.08,84,2010
27107,Minnesota,Norman,0.74,77,-0.22,21,0.05,59,0.1,71,0.11,67,0.01,49,2010
27109,Minnesota,Olmsted,-0.44,15,-0.35,14,-0.23,5,-0.39,1,-0.29,7,0.03,65,2010
27111,Minnesota,Otter Tail,-0.18,33,-0.05,36,0.07,66,0.04,61,0.04,58,-0.05,9,2010
27113,Minnesota,Pennington,-0.09,39,-0.03,40,-0.02,37,-0.14,7,0.09,63,-0.04,17,2010
27115,Minnesota,Pine,0.75,78,0.11,55,0.06,64,0.09,68,0.39,80,-0.04,11,2010
27117,Minnesota,Pipestone,0.51,71,0.28,73,-0.03,35,-0.03,35,-0.15,22,0,41,2010
27119,Minnesota,Polk,0.24,66,-0.06,35,0.21,78,0.06,63,0.11,65,-0.04,16,2010
27121,Minnesota,Pope,0.14,61,-0.09,30,-0.17,10,0.15,74,-0.01,43,-0.04,12,2010
27123,Minnesota,Ramsey,0.06,54,0.19,65,-0.12,16,-0.17,4,0.17,71,-0.02,32,2010
27125,Minnesota,Red Lake,0,46,0.09,52,-0.09,22,0.1,70,0.04,57,0.03,62,2010
27127,Minnesota,Redwood,0.1,56,-0.31,15,-0.01,41,-0.11,11,0.04,59,0.04,69,2010
27129,Minnesota,Renville,0.22,65,0.31,77,0.08,68,0.08,65,-0.01,44,0.07,83,2010
27131,Minnesota,Rice,-0.49,10,0.1,54,-0.22,6,-0.01,44,-0.24,12,0.05,75,2010
27133,Minnesota,Rock,-0.15,37,-0.02,42,0,43,-0.16,5,-0.24,11,0.05,76,2010
27135,Minnesota,Roseau,-0.07,40,-0.04,38,0.07,65,0.14,72,-0.13,25,-0.03,20,2010
27137,Minnesota,St. Louis,0.29,67,0.02,46,-0.17,11,-0.12,10,0.14,69,0.07,81,2010
27139,Minnesota,Scott,-0.67,5,-0.43,3,-0.08,24,-0.02,38,-0.41,2,0.01,55,2010
27141,Minnesota,Sherburne,-0.33,21,0.1,53,0.06,63,-0.02,39,-0.26,8,0,42,2010
27143,Minnesota,Sibley,-0.53,8,-0.29,17,0.02,47,0.18,78,-0.04,39,-0.02,28,2010
27145,Minnesota,Stearns,-0.46,13,0.07,50,-0.1,19,-0.03,34,-0.02,41,0.01,50,2010
27147,Minnesota,Steele,-0.73,3,-0.27,18,-0.05,29,-0.1,13,-0.16,19,-0.05,7,2010
27149,Minnesota,Stevens,0,46,0,43,-0.29,2,0.21,81,-0.16,21,0.01,52,2010
27151,Minnesota,Swift,-0.23,29,-0.47,2,0.06,62,0.01,50,-0.13,24,0.05,78,2010
27153,Minnesota,Todd,0.35,69,0.11,57,0.15,74,0.17,75,0.23,74,-0.04,10,2010
27155,Minnesota,Traverse,NA,999,NA,999,NA,999,NA,999,NA,999,NA,999,2010
27157,Minnesota,Wabasha,-0.25,27,0.91,85,-0.16,12,-0.03,36,-0.16,20,0.04,71,2010
27159,Minnesota,Wadena,0.83,82,0.25,71,-0.27,4,-0.07,23,0.33,76,-0.07,2,2010
27161,Minnesota,Waseca,-0.16,34,-0.08,34,0.02,46,-0.09,15,-0.12,29,0.01,51,2010
27163,Minnesota,Washington,-0.65,6,-0.18,24,-0.13,14,-0.24,2,-0.41,3,0.03,66,2010
27165,Minnesota,Watonwan,-0.21,31,-0.02,41,0,44,0.1,69,0.02,55,0.04,72,2010
27167,Minnesota,Wilkin,0,46,0.07,49,-0.03,36,-0.08,19,-0.21,15,-0.06,5,2010
27169,Minnesota,Winona,-0.31,23,-0.41,5,-0.01,40,0.02,53,-0.19,17,0.02,61,2010
27171,Minnesota,Wright,-0.39,19,-0.2,23,-0.05,31,-0.02,41,-0.26,9,0.06,80,2010
27173,Minnesota,Yellow Medicine,0.51,72,0.31,76,0.02,48,-0.01,45,-0.11,30,0.05,73,2010
27001,Minnesota,Aitkin,-0.18,36,-0.2,17,-0.17,13,0.12,75,0.41,80,0.08,83,2011
27003,Minnesota,Anoka,-0.37,21,0.14,61,0.14,71,-0.06,25,-0.1,29,-0.05,16,2011
27005,Minnesota,Becker,0.69,80,-0.04,38,0.17,78,-0.14,7,0.17,69,0.02,57,2011
27007,Minnesota,Beltrami,1.28,84,-0.03,41,0.61,85,0.12,74,0.73,84,-0.01,39,2011
27009,Minnesota,Benton,-0.08,45,0.38,80,-0.17,12,0.1,71,0.09,62,-0.04,20,2011
27011,Minnesota,Big Stone,-0.11,43,0,45,-0.01,39,-0.01,39,-0.13,25,-0.02,28,2011
27013,Minnesota,Blue Earth,-0.26,29,-0.07,31,0.03,51,0.01,44,-0.23,16,0,44,2011
27015,Minnesota,Brown,-0.66,3,-0.39,8,0.01,43,-0.12,10,-0.15,21,-0.1,2,2011
27017,Minnesota,Carlton,0.26,62,0.17,63,0.08,61,-0.08,19,0,48,0.03,63,2011
27019,Minnesota,Carver,-0.78,1,-0.24,14,-0.25,6,-0.15,6,-0.44,2,-0.01,34,2011
27021,Minnesota,Cass,1.23,83,0.21,68,0.19,79,0.13,76,0.57,82,0,40,2011
27023,Minnesota,Chippewa,-0.54,11,0,46,0.11,68,0.02,48,-0.08,36,-0.01,33,2011
27025,Minnesota,Chisago,0.19,57,0.2,65,0.14,72,-0.03,34,0.01,51,0.03,66,2011
27027,Minnesota,Clay,0.33,66,0.19,64,0.01,44,-0.07,22,-0.2,18,0.01,53,2011
27029,Minnesota,Clearwater,-0.27,28,-0.65,2,0.02,49,0.22,82,0.79,85,0.02,56,2011
27031,Minnesota,Cook,NA,NR,NA,NR,NA,NR,NA,NR,NA,NR,NA,NR,2011
27033,Minnesota,Cottonwood,0.67,79,0.08,55,-0.06,27,-0.1,14,-0.08,34,-0.03,26,2011
27035,Minnesota,Crow Wing,0.03,51,0.41,82,0.01,47,0.03,56,0.12,66,0.11,84,2011
27037,Minnesota,Dakota,-0.54,12,-0.07,33,-0.15,14,-0.09,18,-0.32,8,0,41,2011
27039,Minnesota,Dodge,-0.01,47,-0.05,36,0.06,57,-0.03,32,-0.25,14,0.01,51,2011
27041,Minnesota,Douglas,-0.45,16,-0.21,15,-0.08,22,-0.12,11,-0.19,20,-0.04,23,2011
27043,Minnesota,Faribault,0,48,0.15,62,-0.03,37,0.03,54,0.11,65,0.01,55,2011
27045,Minnesota,Fillmore,-0.49,14,-0.38,9,-0.03,34,0.07,65,-0.01,45,0.01,51,2011
27047,Minnesota,Freeborn,0.11,54,0.37,79,0.19,80,-0.04,29,0.07,60,0.05,74,2011
27049,Minnesota,Goodhue,-0.18,37,-0.01,42,0.28,83,-0.1,15,-0.15,22,0.03,67,2011
27051,Minnesota,Grant,0.34,67,-0.1,27,-0.05,28,0.14,79,-0.02,42,0.04,68,2011
27053,Minnesota,Hennepin,-0.17,39,0.24,70,-0.53,1,-0.16,4,0.06,59,-0.06,6,2011
27055,Minnesota,Houston,-0.08,46,0,44,-0.1,19,-0.13,8,-0.14,24,0.07,78,2011
27057,Minnesota,Hubbard,-0.21,35,-0.19,20,-0.01,41,-0.07,23,0.34,77,-0.04,18,2011
27059,Minnesota,Isanti,-0.35,22,0.08,54,0.1,66,0.07,67,0.02,53,-0.02,30,2011
27061,Minnesota,Itasca,0.25,60,0.01,48,0.16,76,-0.02,36,0.19,71,0.07,80,2011
27063,Minnesota,Jackson,-0.61,5,-0.2,16,-0.08,21,0.02,52,-0.32,7,0.01,49,2011
27065,Minnesota,Kanabec,0.25,61,0.27,74,0.08,62,0.05,59,0.47,81,0.05,73,2011
27067,Minnesota,Kandiyohi,-0.15,40,-0.2,18,-0.09,20,-0.09,17,0.02,54,-0.02,31,2011
27069,Minnesota,Kittson,0,49,0.25,73,0.08,63,0.06,62,-0.09,32,0.03,64,2011
27071,Minnesota,Koochiching,0.45,71,-0.16,23,-0.05,30,0.01,45,0.32,75,0.02,59,2011
27073,Minnesota,Lac qui Parle,-0.24,32,-0.91,1,-0.06,25,0.15,80,-0.2,19,-0.01,35,2011
27075,Minnesota,Lake,0.57,76,0.65,83,-0.06,26,-0.07,21,0.05,57,0.07,79,2011
27077,Minnesota,Lake of the Woods,0.2,59,0.34,75,0.08,64,0.22,83,0.21,73,-0.13,1,2011
27079,Minnesota,Le Sueur,-0.5,13,-0.17,22,-0.08,23,0.07,66,0.09,63,-0.08,4,2011
27081,Minnesota,Lincoln,-0.55,8,-0.08,30,-0.04,32,0.05,60,-0.1,31,-0.01,36,2011
27083,Minnesota,Lyon,0.15,56,0.07,52,0.08,59,-0.02,35,-0.36,4,0,45,2011
27085,Minnesota,McLeod,-0.45,17,-0.63,3,-0.11,18,-0.08,20,-0.03,41,-0.05,8,2011
27087,Minnesota,Mahnomen,1.5,85,-0.4,7,0.23,81,-0.06,28,0.65,83,0.06,75,2011
27089,Minnesota,Marshall,-0.72,2,-0.14,25,0.01,45,0.23,84,-0.05,39,0.02,61,2011
27091,Minnesota,Martin,0.28,63,0.37,78,0.04,52,-0.06,26,-0.01,46,0.01,54,2011
27093,Minnesota,Meeker,-0.25,31,-0.26,13,0.3,84,0,42,-0.04,40,-0.04,17,2011
27095,Minnesota,Mille Lacs,0.53,75,-0.1,28,-0.03,35,0.06,61,0.38,79,0.14,85,2011
27097,Minnesota,Morrison,0.32,65,0.78,85,0.27,82,0.02,49,0.29,74,-0.05,10,2011
27099,Minnesota,Mower,-0.27,27,0.21,67,0.05,55,0.06,63,0.04,56,-0.01,37,2011
27101,Minnesota,Murray,0.3,64,0.1,59,-0.21,8,0.13,77,-0.32,9,-0.05,11,2011
27103,Minnesota,Nicollet,-0.43,19,0.07,51,-0.3,2,-0.1,13,-0.31,10,0.01,49,2011
27105,Minnesota,Nobles,-0.17,38,-0.03,39,0.01,48,0.02,50,0.01,52,0.02,58,2011
27107,Minnesota,Norman,0.92,81,0.36,77,0.04,54,0,43,-0.05,38,0.04,72,2011
27109,Minnesota,Olmsted,-0.3,25,-0.26,12,-0.18,10,-0.42,1,-0.34,6,-0.04,19,2011
27111,Minnesota,Otter Tail,-0.24,34,-0.12,26,0.03,50,-0.01,37,0,49,0,47,2011
27113,Minnesota,Pennington,0.07,53,0,43,0.07,58,-0.16,5,0.03,55,-0.01,38,2011
27115,Minnesota,Pine,0.47,72,-0.07,34,0.08,60,0.14,78,0.36,78,0.07,81,2011
27117,Minnesota,Pipestone,0.4,70,0.24,72,-0.03,33,0.02,51,-0.13,26,0.04,70,2011
27119,Minnesota,Polk,0.48,73,0.01,49,0.17,77,-0.01,38,0,47,0.01,48,2011
27121,Minnesota,Pope,-0.27,26,0.11,60,-0.2,9,0.09,70,-0.07,37,-0.05,12,2011
27123,Minnesota,Ramsey,0.14,55,0.24,71,-0.15,15,-0.12,9,0.19,72,-0.03,25,2011
27125,Minnesota,Red Lake,0,49,0.04,50,-0.02,38,0.06,64,0.12,67,0,43,2011
27127,Minnesota,Redwood,0.64,77,-0.33,11,-0.01,40,-0.03,33,-0.02,44,0.04,71,2011
27129,Minnesota,Renville,0.06,52,-0.06,35,0.15,74,0.08,69,0.11,64,-0.03,24,2011
27131,Minnesota,Rice,-0.54,10,-0.05,37,-0.27,4,-0.01,41,-0.08,33,0.03,62,2011
27133,Minnesota,Rock,-0.11,44,0.2,66,-0.04,31,-0.09,16,-0.35,5,0,42,2011
27135,Minnesota,Roseau,-0.12,42,-0.07,32,0.14,73,0.1,72,-0.08,35,-0.05,15,2011
27137,Minnesota,St. Louis,0.39,69,0.01,47,0.1,65,-0.19,3,0.09,61,0.03,65,2011
27139,Minnesota,Scott,-0.57,7,-0.35,10,-0.05,29,-0.04,31,-0.44,1,-0.04,21,2011
27141,Minnesota,Sherburne,-0.4,20,0.09,56,0,42,0.03,55,-0.22,17,-0.05,14,2011
27143,Minnesota,Sibley,-0.58,6,-0.14,24,0.01,46,0.11,73,0.05,58,-0.02,29,2011
27145,Minnesota,Stearns,-0.44,18,0.08,53,-0.15,16,-0.06,24,-0.15,23,-0.08,3,2011
27147,Minnesota,Steele,-0.63,4,-0.43,5,0.12,70,-0.1,12,0,50,-0.05,9,2011
27149,Minnesota,Stevens,-0.26,30,0.09,58,-0.24,7,0.24,85,-0.24,15,0,46,2011
27151,Minnesota,Swift,0.37,68,-0.41,6,0.04,53,0.03,53,-0.1,30,0.02,60,2011
27153,Minnesota,Todd,0.49,74,0.23,69,0.15,75,0.08,68,0.18,70,-0.07,5,2011
27155,Minnesota,Traverse,NA,NR,NA,NR,NA,NR,NA,NR,NA,NR,NA,NR,2011
27157,Minnesota,Wabasha,-0.33,23,0.76,84,-0.18,11,-0.04,30,-0.1,28,-0.02,32,2011
27159,Minnesota,Wadena,1,82,0.36,76,-0.26,5,0.01,47,0.33,76,-0.02,27,2011
27161,Minnesota,Waseca,-0.24,33,-0.09,29,0.11,69,-0.06,27,-0.02,43,-0.06,7,2011
27163,Minnesota,Washington,-0.55,9,-0.19,19,-0.29,3,-0.21,2,-0.41,3,0.06,77,2011
27165,Minnesota,Watonwan,0.2,58,0.09,57,0.06,56,0.21,81,0.16,68,-0.05,12,2011
27167,Minnesota,Wilkin,-0.47,15,-0.03,40,-0.03,36,-0.01,40,-0.3,11,0.07,82,2011
27169,Minnesota,Winona,-0.15,41,-0.56,4,0.11,67,0.01,46,-0.13,27,0.06,76,2011
27171,Minnesota,Wright,-0.3,24,-0.18,21,-0.11,17,0.05,58,-0.27,13,0.04,69,2011
27173,Minnesota,Yellow Medicine,0.66,78,0.41,81,-0.06,24,0.04,57,-0.28,12,-0.04,22,2011
27001,Minnesota,Aitkin,-0.19,31,-0.11,34,-0.07,27,0.05,56,0.39,76,0.05,74,2012
27003,Minnesota,Anoka,-0.42,20,0.19,63,0.1,68,0.02,47,-0.07,34,0.02,59,2012
27005,Minnesota,Becker,0.63,78,-0.09,37,0.1,66,-0.02,35,0.13,62,0.02,58,2012
27007,Minnesota,Beltrami,0.93,82,-0.09,36,0.54,84,0.18,81,0.58,82,-0.03,19,2012
27009,Minnesota,Benton,-0.18,34,0.37,77,-0.13,17,0.16,78,-0.04,40,0.02,61,2012
27011,Minnesota,Big Stone,-0.37,22,-0.01,44,-0.29,3,-0.01,38,-0.27,13,-0.06,3,2012
27013,Minnesota,Blue Earth,-0.29,25,-0.09,35,0.08,60,0.08,67,-0.14,26,-0.03,24,2012
27015,Minnesota,Brown,-0.31,24,-0.24,17,0.1,65,-0.11,15,-0.12,27,-0.05,10,2012
27017,Minnesota,Carlton,0.58,76,-0.19,22,-0.01,43,-0.03,33,0.01,50,0.04,68,2012
27019,Minnesota,Carver,-0.7,1,-0.32,12,-0.22,6,-0.16,4,-0.46,1,-0.01,36,2012
27021,Minnesota,Cass,1.3,83,0.34,74,0.14,74,0.17,80,0.59,83,-0.04,17,2012
27023,Minnesota,Chippewa,-0.69,2,0.08,56,0.15,75,0.01,45,0.04,55,-0.06,6,2012
27025,Minnesota,Chisago,0.07,52,0.14,59,0.07,55,-0.04,27,-0.03,44,0.04,69,2012
27027,Minnesota,Clay,0.33,64,0.07,55,0.05,49,-0.07,23,-0.21,17,0.02,60,2012
27029,Minnesota,Clearwater,-0.26,28,-0.34,9,0.13,72,0.29,84,0.6,84,0,47,2012
27031,Minnesota,Cook,0,46,-0.12,31,-0.11,20,0.08,65,-0.15,25,-0.01,40,2012
27033,Minnesota,Cottonwood,0.4,68,0.35,75,-0.04,32,-0.17,3,-0.04,41,0.05,75,2012
27035,Minnesota,Crow Wing,-0.02,44,0.41,78,-0.11,19,0.01,44,0.17,66,0.08,82,2012
27037,Minnesota,Dakota,-0.65,3,-0.05,39,-0.18,9,-0.1,17,-0.28,11,0.03,66,2012
27039,Minnesota,Dodge,-0.15,38,-0.22,20,0.23,81,-0.11,11,-0.28,9,0.01,53,2012
27041,Minnesota,Douglas,-0.53,10,-0.25,16,0.03,47,-0.14,7,-0.22,16,-0.02,26,2012
27043,Minnesota,Faribault,0.03,50,0.37,76,0.09,63,0.08,66,0.09,59,-0.02,28,2012
27045,Minnesota,Fillmore,-0.46,17,-0.29,13,-0.03,36,0.05,59,-0.05,39,-0.02,30,2012
27047,Minnesota,Freeborn,0.11,56,0.32,73,0.15,76,0.04,53,0.15,63,-0.01,38,2012
27049,Minnesota,Goodhue,0.1,54,-0.01,42,0.05,52,-0.11,12,-0.16,24,0.03,64,2012
27051,Minnesota,Grant,0.51,74,0.04,50,-0.06,30,0.04,54,-0.07,36,0.07,81,2012
27053,Minnesota,Hennepin,-0.14,39,0.23,69,-0.28,4,-0.15,5,0.28,75,-0.01,35,2012
27055,Minnesota,Houston,-0.21,30,-0.35,8,-0.07,26,-0.14,6,-0.07,35,0.04,71,2012
27057,Minnesota,Hubbard,0.2,59,-0.33,11,-0.04,31,-0.02,36,0.27,74,-0.06,5,2012
27059,Minnesota,Isanti,-0.33,23,0.18,61,0.07,57,0.05,57,0.05,56,0.02,57,2012
27061,Minnesota,Itasca,0.29,61,0.07,54,0.05,50,-0.04,28,0.17,67,-0.01,37,2012
27063,Minnesota,Jackson,-0.63,4,-0.11,33,-0.06,29,-0.04,26,-0.37,4,-0.05,8,2012
27065,Minnesota,Kanabec,0.07,53,0.01,47,0.07,59,0.12,74,0.42,79,-0.02,31,2012
27067,Minnesota,Kandiyohi,-0.15,37,-0.16,27,0.12,70,-0.14,8,0.16,64,-0.03,20,2012
27069,Minnesota,Kittson,NA,NR,NA,NR,NA,NR,NA,NR,NA,NR,NA,NR,2012
27071,Minnesota,Koochiching,0.31,62,0.02,48,-0.03,33,0.15,76,0.26,73,0,44,2012
27073,Minnesota,Lac qui Parle,0,46,-0.66,1,0.08,61,0.11,72,-0.35,6,-0.05,11,2012
27075,Minnesota,Lake,0.43,71,0.63,82,0.06,53,-0.1,16,-0.07,37,0.01,54,2012
27077,Minnesota,Lake of the Woods,NA,NR,NA,NR,NA,NR,NA,NR,NA,NR,NA,NR,2012
27079,Minnesota,Le Sueur,-0.48,16,-0.18,24,-0.03,35,0.05,55,0.12,61,-0.1,1,2012
27081,Minnesota,Lincoln,0,46,-0.5,3,-0.02,37,-0.03,31,-0.11,29,0.09,83,2012
27083,Minnesota,Lyon,0.62,77,-0.03,40,0.09,64,0,41,-0.24,15,0,46,2012
27085,Minnesota,McLeod,-0.57,8,-0.43,6,-0.14,15,-0.01,37,0.02,52,-0.06,7,2012
27087,Minnesota,Mahnomen,1.5,84,0,46,0.37,83,0.08,70,0.53,81,0.02,55,2012
27089,Minnesota,Marshall,-0.49,15,-0.17,26,-0.12,18,0.14,75,-0.02,45,0.02,56,2012
27091,Minnesota,Martin,-0.18,35,0.22,68,-0.06,28,-0.03,30,0,49,0.01,50,2012
27093,Minnesota,Meeker,-0.1,41,-0.34,10,0.11,69,-0.02,34,-0.03,42,-0.05,15,2012
27095,Minnesota,Mille Lacs,0.78,80,-0.22,18,0.01,45,0.18,82,0.41,78,0.09,84,2012
27097,Minnesota,Morrison,0.35,66,0.69,83,0.18,79,0.08,68,0.22,69,-0.02,25,2012
27099,Minnesota,Mower,-0.19,33,0.25,70,0.07,56,0.04,51,0.06,57,-0.01,32,2012
27101,Minnesota,Murray,-0.11,40,0.19,64,-0.03,34,0.06,62,-0.33,7,-0.06,4,2012
27103,Minnesota,Nicollet,-0.52,11,-0.02,41,-0.39,1,-0.07,22,-0.27,12,-0.01,41,2012
27105,Minnesota,Nobles,0,45,0.04,51,-0.01,41,0.03,50,0.09,60,-0.02,27,2012
27107,Minnesota,Norman,0.46,72,0.79,84,0.16,77,0.07,63,-0.11,31,0.06,77,2012
27109,Minnesota,Olmsted,-0.28,26,-0.21,21,-0.15,12,-0.54,1,-0.25,14,0.01,48,2012
27111,Minnesota,Otter Tail,-0.27,27,-0.15,29,0.1,67,0,39,0.04,54,-0.03,21,2012
27113,Minnesota,Pennington,-0.19,32,-0.13,30,0.09,62,-0.08,19,-0.03,43,-0.05,12,2012
27115,Minnesota,Pine,0.42,70,-0.18,25,-0.1,21,0.24,83,0.41,77,0.01,52,2012
27117,Minnesota,Pipestone,0.92,81,0.44,79,-0.09,24,0.03,49,-0.17,21,0.04,70,2012
27119,Minnesota,Polk,0.2,58,-0.01,43,0.33,82,0.07,64,-0.06,38,0.03,65,2012
27121,Minnesota,Pope,-0.05,43,-0.38,7,-0.19,8,0.01,43,-0.16,23,-0.07,2,2012
27123,Minnesota,Ramsey,0.1,55,0.28,72,-0.13,16,-0.08,20,0.48,80,0.04,67,2012
27125,Minnesota,Red Lake,0,46,-0.25,15,0.13,71,0.04,52,0.17,65,0.05,76,2012
27127,Minnesota,Redwood,0.55,75,-0.53,2,-0.02,38,-0.03,29,-0.11,28,0.06,78,2012
27129,Minnesota,Renville,0.4,69,-0.06,38,0.13,73,0.09,71,0.03,53,-0.03,22,2012
27131,Minnesota,Rice,-0.49,14,0.13,58,-0.34,2,-0.05,25,0.07,58,-0.01,39,2012
27133,Minnesota,Rock,0.38,67,0.18,62,-0.18,10,-0.11,13,-0.1,32,-0.01,33,2012
27135,Minnesota,Roseau,-0.18,36,0.26,71,0.04,48,0.05,60,-0.2,18,-0.05,13,2012
27137,Minnesota,St. Louis,0.49,73,0.06,53,0.05,51,-0.12,10,0.22,70,0.04,73,2012
27139,Minnesota,Scott,-0.51,12,-0.16,28,-0.23,5,-0.08,21,-0.4,3,0,45,2012
27141,Minnesota,Sherburne,-0.54,9,0.15,60,0.22,80,0,42,-0.19,19,0.02,62,2012
27143,Minnesota,Sibley,-0.59,5,0.05,52,-0.01,42,0.12,73,-0.01,48,-0.03,18,2012
27145,Minnesota,Stearns,-0.45,19,0.11,57,-0.09,25,-0.06,24,-0.08,33,-0.01,42,2012
27147,Minnesota,Steele,-0.59,6,-0.45,4,-0.01,39,-0.13,9,-0.01,47,-0.01,34,2012
27149,Minnesota,Stevens,0.04,51,0.03,49,-0.17,11,0.16,77,-0.35,5,-0.03,23,2012
27151,Minnesota,Swift,0.15,57,-0.29,14,0.03,46,0.08,69,-0.02,46,0.01,49,2012
27153,Minnesota,Todd,0.23,60,0.21,67,0.17,78,0.05,58,0.25,72,-0.02,29,2012
27155,Minnesota,Traverse,NA,NR,NA,NR,NA,NR,NA,NR,NA,NR,NA,NR,2012
27157,Minnesota,Wabasha,-0.41,21,0.47,80,-0.15,13,-0.11,14,-0.19,20,-0.05,9,2012
27159,Minnesota,Wadena,0.68,79,0.5,81,-0.09,22,0.05,61,0.25,71,0.01,51,2012
27161,Minnesota,Waseca,-0.24,29,-0.22,19,0.07,58,0,40,0.01,51,-0.05,14,2012
27163,Minnesota,Washington,-0.58,7,-0.12,32,-0.2,7,-0.25,2,-0.41,2,0.06,80,2012
27165,Minnesota,Watonwan,0.33,65,0.19,65,0.06,54,0.16,79,0.19,68,-0.04,16,2012
27167,Minnesota,Wilkin,-0.51,13,-0.01,45,0.01,44,-0.09,18,-0.28,10,0,43,2012
27169,Minnesota,Winona,-0.09,42,-0.44,5,-0.01,40,0.02,46,-0.11,30,0.02,63,2012
27171,Minnesota,Wright,-0.45,18,-0.19,23,-0.14,14,0.03,48,-0.29,8,0.06,79,2012
27173,Minnesota,Yellow Medicine,0.33,63,0.21,66,-0.09,23,-0.03,32,-0.17,22,0.04,72,2012
27001,Minnesota,Aitkin,0.4,72,0.21,70,-0.08,23,0.09,73,0.29,78,0.06,80,2013
27003,Minnesota,Anoka,-0.34,21,0.29,76,0.08,67,-0.02,39,-0.08,37,0.04,72,2013
27005,Minnesota,Becker,0.86,83,-0.28,17,0.05,56,0,47,0.11,63,0.01,55,2013
27007,Minnesota,Beltrami,0.63,81,0.03,51,0.54,87,0.06,69,0.64,84,-0.03,24,2013
27009,Minnesota,Benton,-0.17,39,0.48,83,-0.13,14,0.04,60,0.01,56,0.04,74,2013
27011,Minnesota,Big Stone,0.31,68,-0.03,41,-0.29,3,0.03,52,-0.12,30,-0.06,8,2013
27013,Minnesota,Blue Earth,-0.22,33,-0.12,33,0.06,61,0.06,68,-0.13,27,0.05,77,2013
27015,Minnesota,Brown,-0.11,44,-0.36,7,0.11,74,-0.1,14,-0.15,24,-0.01,34,2013
27017,Minnesota,Carlton,0.58,79,0.1,56,-0.05,32,-0.02,37,0.03,59,-0.04,16,2013
27019,Minnesota,Carver,-0.74,2,-0.21,23,-0.19,6,-0.15,7,-0.45,1,-0.01,35,2013
27021,Minnesota,Cass,0.99,84,0.61,85,0.1,71,0.15,78,0.66,85,-0.03,26,2013
27023,Minnesota,Chippewa,-0.33,23,0.13,61,0.14,80,-0.07,22,0,53,0,46,2013
27025,Minnesota,Chisago,-0.38,18,0.16,65,0.09,70,-0.01,40,-0.1,33,-0.01,38,2013
27027,Minnesota,Clay,-0.21,35,0.11,58,0.03,51,-0.07,23,-0.11,31,0,50,2013
27029,Minnesota,Clearwater,0.57,78,-0.19,26,0.09,69,0.39,87,0.71,86,0,48,2013
27031,Minnesota,Cook,-0.29,28,-0.01,45,-0.06,28,-0.1,13,0.05,60,-0.12,1,2013
27033,Minnesota,Cottonwood,0.21,64,0.41,82,-0.03,36,-0.09,17,-0.02,49,0.07,83,2013
27035,Minnesota,Crow Wing,-0.32,26,0.33,80,-0.1,18,-0.03,34,0.14,66,-0.05,12,2013
27037,Minnesota,Dakota,-0.57,5,-0.01,44,-0.15,8,-0.16,4,-0.3,7,0.02,58,2013
27039,Minnesota,Dodge,-0.38,16,-0.37,6,0.2,83,-0.05,29,-0.24,15,0.02,60,2013
27041,Minnesota,Douglas,-0.23,31,-0.09,38,0.05,57,-0.15,6,-0.23,16,-0.01,37,2013
27043,Minnesota,Faribault,-0.28,29,0.14,63,0.06,62,0.04,59,0.14,65,0,45,2013
27045,Minnesota,Fillmore,-0.21,36,-0.26,18,-0.01,40,-0.03,33,-0.07,39,0.01,52,2013
27047,Minnesota,Freeborn,-0.23,32,0.59,84,0.12,78,-0.02,36,0.19,71,0.06,78,2013
27049,Minnesota,Goodhue,0.17,63,-0.03,43,0.08,68,-0.1,15,-0.19,19,0.01,51,2013
27051,Minnesota,Grant,0.62,80,-0.28,15,-0.05,31,0.12,76,-0.07,40,0.07,84,2013
27053,Minnesota,Hennepin,-0.15,40,0.28,74,-0.29,4,-0.13,9,0.2,73,0.01,54,2013
27055,Minnesota,Houston,0.01,52,-0.32,9,-0.06,27,-0.16,5,-0.07,42,-0.04,14,2013
27057,Minnesota,Hubbard,0.12,59,-0.03,42,-0.07,25,0.03,54,0.28,77,-0.07,4,2013
27059,Minnesota,Isanti,-0.38,15,0.29,75,0.11,77,0.04,58,0.02,58,-0.04,21,2013
27061,Minnesota,Itasca,0.3,67,0.09,55,0.06,60,-0.08,20,0.2,72,-0.04,22,2013
27063,Minnesota,Jackson,-0.21,34,0.25,72,-0.03,38,0,50,-0.29,10,-0.02,27,2013
27065,Minnesota,Kanabec,0.08,57,-0.13,32,0.06,59,-0.01,44,0.48,83,-0.06,5,2013
27067,Minnesota,Kandiyohi,-0.34,22,-0.26,19,0.11,75,-0.17,3,0.12,64,0.01,57,2013
27069,Minnesota,Kittson,-0.25,30,0,47,-0.05,30,0.09,71,-0.18,20,-0.02,28,2013
27071,Minnesota,Koochiching,-0.07,47,-0.04,40,0.03,49,0,49,0.24,76,-0.05,11,2013
27073,Minnesota,Lac qui Parle,0.17,62,-0.43,2,0.04,52,-0.01,43,-0.29,9,-0.03,25,2013
27075,Minnesota,Lake,0.02,53,0.96,87,0.06,63,-0.09,19,-0.09,34,-0.08,2,2013
27077,Minnesota,Lake of the Woods,-0.35,20,-0.13,31,0.01,44,0.25,86,-0.04,46,-0.06,6,2013
27079,Minnesota,Le Sueur,-0.38,17,-0.23,21,-0.06,29,0.04,57,0.02,57,-0.08,3,2013
27081,Minnesota,Lincoln,-0.15,41,-0.19,25,-0.04,33,-0.03,32,-0.28,11,0.11,86,2013
27083,Minnesota,Lyon,0.01,51,-0.24,20,0.1,73,-0.06,26,-0.13,26,0.02,63,2013
27085,Minnesota,McLeod,-0.38,14,-0.33,8,-0.12,15,-0.06,27,-0.06,43,-0.01,42,2013
27087,Minnesota,Mahnomen,1.5,87,-0.29,11,0.33,85,0.18,84,0.73,87,0.05,75,2013
27089,Minnesota,Marshall,0.08,58,-0.29,13,-0.09,21,0.16,80,-0.02,47,-0.01,44,2013
27091,Minnesota,Martin,0.13,61,0.03,52,-0.03,35,0.01,51,-0.05,44,0.05,76,2013
27093,Minnesota,Meeker,0,50,-0.29,14,0.08,66,0.05,63,-0.05,45,-0.02,30,2013
27095,Minnesota,Mille Lacs,1.11,85,0.07,54,0.03,50,0.11,75,0.39,80,-0.05,10,2013
27097,Minnesota,Morrison,0.12,60,0.76,86,0.11,76,0.04,62,0.17,68,0,47,2013
27099,Minnesota,Mower,-0.37,19,0.3,78,0.03,48,0.06,67,0.16,67,0.03,67,2013
27101,Minnesota,Murray,-0.11,45,0.18,68,0.1,72,0.03,53,-0.31,5,-0.05,13,2013
27103,Minnesota,Nicollet,-0.46,10,-0.11,35,-0.35,2,-0.05,28,-0.24,14,0.04,73,2013
27105,Minnesota,Nobles,-0.53,7,-0.11,34,-0.07,26,0.05,65,0.19,70,0.02,64,2013
27107,Minnesota,Norman,0.03,54,0.24,71,0.12,79,0.1,74,-0.02,48,0,49,2013
27109,Minnesota,Olmsted,-0.32,25,-0.16,27,-0.14,12,-0.38,1,-0.25,13,0.02,66,2013
27111,Minnesota,Otter Tail,-0.2,37,0.01,49,0.07,65,-0.07,24,-0.07,41,-0.04,20,2013
27113,Minnesota,Pennington,0.26,66,0.3,79,0.06,58,-0.09,18,-0.02,50,-0.04,17,2013
27115,Minnesota,Pine,0.4,73,0.06,53,-0.1,20,0.17,83,0.44,82,0.04,71,2013
27117,Minnesota,Pipestone,0.46,77,0.11,60,-0.01,39,-0.03,35,-0.15,23,0.13,87,2013
27119,Minnesota,Polk,0.26,65,-0.05,39,0.42,86,0,46,0.06,61,-0.02,29,2013
27121,Minnesota,Pope,0.33,69,-0.22,22,-0.09,22,0.13,77,-0.25,12,-0.06,7,2013
27123,Minnesota,Ramsey,0.05,55,0.3,77,-0.13,13,-0.11,12,0.43,81,0.02,62,2013
27125,Minnesota,Red Lake,-0.08,46,-0.51,1,0.02,46,-0.01,41,0,54,-0.02,33,2013
27127,Minnesota,Redwood,-0.06,48,-0.42,3,0.04,54,0.07,70,-0.1,32,0.09,85,2013
27129,Minnesota,Renville,0.76,82,-0.2,24,0.19,82,0.05,66,-0.01,52,0.03,70,2013
27131,Minnesota,Rice,-0.55,6,0.1,57,-0.4,1,-0.1,16,0.08,62,0.02,65,2013
27133,Minnesota,Rock,0.44,75,0.03,50,-0.14,10,-0.06,25,-0.08,38,-0.01,43,2013
27135,Minnesota,Roseau,-0.19,38,0.15,64,-0.04,34,0.04,61,-0.17,21,-0.04,15,2013
27137,Minnesota,St. Louis,0.35,70,0.16,67,0.04,53,-0.12,11,0.22,74,-0.04,18,2013
27139,Minnesota,Scott,-0.64,3,-0.1,36,-0.24,5,-0.03,31,-0.4,3,0.01,56,2013
27141,Minnesota,Sherburne,-0.46,11,0.35,81,0.22,84,-0.02,38,-0.23,17,0.02,59,2013
27143,Minnesota,Sibley,-0.29,27,0.19,69,-0.03,37,0.2,85,0,55,-0.04,19,2013
27145,Minnesota,Stearns,-0.52,8,0.11,59,-0.07,24,-0.07,21,-0.12,28,-0.01,41,2013
27147,Minnesota,Steele,-0.4,13,-0.4,4,0.03,47,-0.14,8,-0.09,35,0.03,68,2013
27149,Minnesota,Stevens,0.42,74,-0.16,28,-0.12,16,0.16,81,-0.4,4,-0.02,32,2013
27151,Minnesota,Swift,-0.13,43,-0.31,10,0.06,64,0,48,-0.02,51,0.07,81,2013
27153,Minnesota,Todd,0,49,0.16,66,0.16,81,0.15,79,0.22,75,-0.01,39,2013
27155,Minnesota,Traverse,1.12,86,0,47,0,41,0,45,-0.12,29,0.06,79,2013
27157,Minnesota,Wabasha,-0.13,42,0,46,-0.1,19,-0.13,10,-0.16,22,-0.06,9,2013
27159,Minnesota,Wadena,0.37,71,0.26,73,-0.14,9,0.09,72,0.34,79,0.03,69,2013
27161,Minnesota,Waseca,-0.6,4,-0.16,29,0.04,55,0.05,64,-0.09,36,-0.01,40,2013
27163,Minnesota,Washington,-0.52,9,-0.1,37,-0.17,7,-0.24,2,-0.41,2,-0.01,36,2013
27165,Minnesota,Watonwan,0.45,76,-0.28,15,0,42,0.17,82,0.17,69,-0.04,23,2013
27167,Minnesota,Wilkin,0.05,56,-0.29,12,0.01,45,0.03,55,-0.31,6,-0.02,31,2013
27169,Minnesota,Winona,-0.33,24,-0.4,5,0.01,43,0.04,56,-0.14,25,0.02,61,2013
27171,Minnesota,Wright,-0.44,12,-0.15,30,-0.14,11,-0.03,30,-0.29,8,0.01,53,2013
27173,Minnesota,Yellow Medicine,-0.84,1,0.14,62,-0.11,17,-0.01,42,-0.21,18,0.07,82,2013
27001,Minnesota,Aitkin,0.4,72,0.12,58,-0.09,25,0.11,77,0.4,82,0.08,84,2014
27003,Minnesota,Anoka,-0.34,21,0.26,75,0.01,43,-0.01,42,-0.14,29,0.04,74,2014
27005,Minnesota,Becker,0.86,83,-0.41,7,0.03,50,0.06,65,0.12,65,-0.01,28,2014
27007,Minnesota,Beltrami,0.63,81,-0.02,42,0.35,86,0.08,70,0.66,85,-0.02,27,2014
27009,Minnesota,Benton,-0.17,39,0.29,77,-0.09,24,0.11,79,-0.13,30,0.06,82,2014
27011,Minnesota,Big Stone,0.31,68,0.07,53,-0.04,29,0,45,0.03,55,-0.05,14,2014
27013,Minnesota,Blue Earth,-0.22,33,-0.1,31,0,36,-0.11,10,-0.18,22,0.03,68,2014
27015,Minnesota,Brown,-0.11,44,-0.31,10,0.09,70,-0.1,16,-0.11,33,0,48,2014
27017,Minnesota,Carlton,0.58,79,0.05,51,-0.02,34,0.01,47,0.06,59,-0.01,33,2014
27019,Minnesota,Carver,-0.74,2,-0.18,24,-0.25,6,-0.14,5,-0.47,1,0.04,69,2014
27021,Minnesota,Cass,0.99,84,0.55,84,0.03,49,0.19,85,0.72,86,0,45,2014
27023,Minnesota,Chippewa,-0.33,23,0.32,79,0.29,85,0.03,56,-0.07,37,0.02,60,2014
27025,Minnesota,Chisago,-0.38,18,0.17,65,0.09,73,-0.05,28,-0.08,36,0.08,86,2014
27027,Minnesota,Clay,-0.21,35,0.23,70,0.02,47,-0.07,24,-0.2,21,-0.01,32,2014
27029,Minnesota,Clearwater,0.57,78,-0.03,39,0.18,80,0.41,87,0.59,84,0.03,64,2014
27031,Minnesota,Cook,-0.29,28,-0.04,38,-0.12,20,0.03,55,0.11,63,-0.08,6,2014
27033,Minnesota,Cottonwood,0.21,64,0.26,74,0.04,54,-0.07,22,0,47,-0.02,25,2014
27035,Minnesota,Crow Wing,-0.32,26,0.33,81,-0.07,26,-0.07,25,0.16,69,0.02,57,2014
27037,Minnesota,Dakota,-0.57,5,-0.05,37,-0.21,7,-0.1,15,-0.28,12,0.03,66,2014
27039,Minnesota,Dodge,-0.38,16,-0.3,11,0.08,66,-0.07,21,-0.26,13,0,46,2014
27041,Minnesota,Douglas,-0.23,31,-0.16,28,-0.03,31,-0.16,3,-0.24,15,0.04,73,2014
27043,Minnesota,Faribault,-0.28,29,0.25,72,-0.03,32,0.1,76,0.14,66,0,52,2014
27045,Minnesota,Fillmore,-0.21,36,-0.45,5,-0.13,17,-0.02,37,-0.02,44,0,44,2014
27047,Minnesota,Freeborn,-0.23,32,0.42,83,0.09,72,0.01,49,0.22,74,0,49,2014
27049,Minnesota,Goodhue,0.17,63,-0.24,13,0,40,-0.09,17,-0.14,26,0,42,2014
27051,Minnesota,Grant,0.62,80,-0.2,22,0.02,45,0.04,58,0.04,57,0.06,80,2014
27053,Minnesota,Hennepin,-0.15,40,0.24,71,-0.2,9,-0.13,8,0.11,64,0.02,58,2014
27055,Minnesota,Houston,0.01,52,-0.1,32,-0.21,8,-0.16,4,-0.04,40,-0.04,18,2014
27057,Minnesota,Hubbard,0.12,59,0.02,47,0.03,53,-0.01,44,0.29,78,0,38,2014
27059,Minnesota,Isanti,-0.38,15,0.3,78,0.02,44,-0.02,39,0.02,51,0.06,81,2014
27061,Minnesota,Itasca,0.3,67,0.03,48,0.04,58,-0.03,36,0.21,73,-0.01,35,2014
27063,Minnesota,Jackson,-0.21,34,0.25,73,-0.14,15,-0.02,40,-0.3,6,-0.01,31,2014
27065,Minnesota,Kanabec,0.08,57,0.07,54,-0.01,35,0.06,64,0.45,83,0.04,72,2014
27067,Minnesota,Kandiyohi,-0.34,22,-0.24,14,0.06,61,-0.11,9,0.16,71,0.04,71,2014
27069,Minnesota,Kittson,-0.25,30,0,44,0.11,75,0.03,57,-0.13,32,-0.12,1,2014
27071,Minnesota,Koochiching,-0.07,47,0.16,63,0.02,48,0.08,67,0.28,77,-0.07,8,2014
27073,Minnesota,Lac qui Parle,0.17,62,-0.68,1,0.09,71,-0.02,38,-0.23,17,-0.05,13,2014
27075,Minnesota,Lake,0.02,53,0.87,87,0.06,63,-0.1,13,-0.04,41,-0.07,7,2014
27077,Minnesota,Lake of the Woods,-0.35,20,0,44,0.04,56,0.18,84,0,49,-0.09,3,2014
27079,Minnesota,Le Sueur,-0.38,17,-0.22,20,-0.09,23,-0.04,32,-0.07,38,0.04,70,2014
27081,Minnesota,Lincoln,-0.15,41,-0.18,25,0.1,74,-0.04,34,-0.23,16,-0.02,22,2014
27083,Minnesota,Lyon,0.01,51,-0.2,23,0,38,-0.06,26,-0.14,28,0,51,2014
27085,Minnesota,McLeod,-0.38,14,-0.46,4,-0.13,19,0.02,51,-0.02,45,0.03,63,2014
27087,Minnesota,Mahnomen,1.5,87,0.28,76,0.7,87,0.31,86,0.78,87,-0.03,21,2014
27089,Minnesota,Marshall,0.08,58,0.21,69,0.02,46,0.01,48,0.02,53,-0.09,5,2014
27091,Minnesota,Martin,0.13,61,-0.11,30,0.04,55,0.01,50,0.03,56,0,50,2014
27093,Minnesota,Meeker,0,50,-0.37,9,0.08,68,0.05,63,0.01,50,0.04,75,2014
27095,Minnesota,Mille Lacs,1.11,85,0.14,61,0.24,84,0.1,75,0.37,80,0.04,77,2014
27097,Minnesota,Morrison,0.12,60,0.62,86,0.07,65,0.1,74,0.15,68,0,40,2014
27099,Minnesota,Mower,-0.37,19,0.15,62,0,39,0.09,73,0.15,67,0.01,54,2014
27101,Minnesota,Murray,-0.11,45,0.12,59,0.04,57,0.09,72,-0.28,11,0,39,2014
27103,Minnesota,Nicollet,-0.46,10,-0.23,18,-0.34,1,-0.1,12,-0.3,7,-0.01,29,2014
27105,Minnesota,Nobles,-0.53,7,-0.22,19,-0.13,18,0.08,71,0.09,62,-0.02,26,2014
27107,Minnesota,Norman,0.03,54,0.37,82,0.2,81,-0.03,35,0.02,52,-0.06,12,2014
27109,Minnesota,Olmsted,-0.32,25,-0.25,12,-0.28,3,-0.38,1,-0.28,10,-0.04,17,2014
27111,Minnesota,Otter Tail,-0.2,37,0,43,-0.05,27,-0.05,30,-0.03,43,0,41,2014
27113,Minnesota,Pennington,0.26,66,0.16,64,0.01,41,-0.07,23,-0.04,39,-0.1,2,2014
27115,Minnesota,Pine,0.4,73,0.19,66,0.03,52,0.11,80,0.37,81,0.08,85,2014
27117,Minnesota,Pipestone,0.46,77,0.2,68,0,37,0.05,61,-0.09,35,0.05,79,2014
27119,Minnesota,Polk,0.26,65,-0.12,29,0.23,83,0.05,59,0.02,54,-0.02,23,2014
27121,Minnesota,Pope,0.33,69,-0.18,26,-0.1,22,0.02,52,-0.2,19,0.02,61,2014
27123,Minnesota,Ramsey,0.05,55,0.33,80,-0.12,21,-0.08,19,0.3,79,0.02,62,2014
27125,Minnesota,Red Lake,-0.08,46,-0.24,15,0.08,67,0.05,60,0.09,61,-0.06,10,2014
27127,Minnesota,Redwood,-0.06,48,-0.64,2,0.08,69,0.11,78,-0.03,42,0,47,2014
27129,Minnesota,Renville,0.76,82,0.06,52,0.05,60,0.03,54,0.08,60,0,43,2014
27131,Minnesota,Rice,-0.55,6,0.1,56,-0.32,2,-0.1,14,0.06,58,-0.02,24,2014
27133,Minnesota,Rock,0.44,75,-0.09,33,-0.19,11,-0.09,18,-0.14,27,-0.01,34,2014
27135,Minnesota,Roseau,-0.19,38,-0.08,34,-0.03,33,0.13,82,-0.25,14,-0.09,4,2014
27137,Minnesota,St. Louis,0.35,70,0.19,67,0.06,64,-0.13,7,0.16,70,-0.04,16,2014
27139,Minnesota,Scott,-0.64,3,-0.03,40,-0.27,4,-0.08,20,-0.46,3,0.05,78,2014
27141,Minnesota,Sherburne,-0.46,11,0.1,57,0.13,78,-0.05,29,-0.3,8,0.07,83,2014
27143,Minnesota,Sibley,-0.29,27,0.04,49,0.03,51,0.08,68,-0.01,46,0.02,55,2014
27145,Minnesota,Stearns,-0.52,8,-0.03,41,-0.14,16,-0.06,27,-0.18,23,0.04,76,2014
27147,Minnesota,Steele,-0.4,13,-0.37,8,-0.16,12,-0.11,11,-0.13,31,0.02,59,2014
27149,Minnesota,Stevens,0.42,74,-0.07,35,-0.04,30,0.13,83,-0.33,4,-0.06,11,2014
27151,Minnesota,Swift,-0.13,43,-0.06,36,0.15,79,-0.05,31,0,48,-0.03,19,2014
27153,Minnesota,Todd,0,49,0.04,50,0.01,42,0.11,81,0.23,75,0.03,67,2014
27155,Minnesota,Traverse,1.12,86,0,44,0.05,59,0.03,53,-0.16,24,-0.07,9,2014
27157,Minnesota,Wabasha,-0.13,42,0.08,55,-0.19,10,-0.13,6,-0.2,20,-0.03,20,2014
27159,Minnesota,Wadena,0.37,71,0.6,85,0.11,76,0.08,69,0.25,76,0.02,56,2014
27161,Minnesota,Waseca,-0.6,4,-0.23,17,0.06,62,0.01,46,-0.09,34,0,36,2014
27163,Minnesota,Washington,-0.52,9,-0.18,27,-0.25,5,-0.25,2,-0.46,2,0.03,65,2014
27165,Minnesota,Watonwan,0.45,76,-0.52,3,0.12,77,0.08,66,0.21,72,0,37,2014
27167,Minnesota,Wilkin,0.05,56,-0.42,6,-0.05,28,0.05,62,-0.29,9,-0.05,15,2014
27169,Minnesota,Winona,-0.33,24,-0.24,16,-0.16,13,-0.01,43,-0.14,25,0,53,2014
27171,Minnesota,Wright,-0.44,12,-0.21,21,-0.15,14,-0.04,33,-0.32,5,0.09,87,2014
27173,Minnesota,Yellow Medicine,-0.84,1,0.13,60,0.21,82,-0.02,41,-0.21,18,-0.01,30,2014
27001,Minnesota,Aitkin,0.15,60,0.27,74,-0.09,26,0.08,70,0.37,80,-0.01,32,2015
27003,Minnesota,Anoka,-0.28,28,0.28,76,-0.04,36,-0.03,38,-0.15,24,0.04,72,2015
27005,Minnesota,Becker,0.66,77,-0.3,10,0.07,58,0.04,57,0.07,61,-0.01,31,2015
27007,Minnesota,Beltrami,1.13,86,0.07,54,0.4,86,0.08,73,0.62,85,-0.01,30,2015
27009,Minnesota,Benton,-0.01,50,0.24,66,-0.12,19,0,49,-0.04,44,0.04,75,2015
27011,Minnesota,Big Stone,0.17,62,-0.24,18,-0.08,27,-0.08,21,-0.08,37,-0.04,15,2015
27013,Minnesota,Blue Earth,-0.25,35,-0.13,31,-0.01,41,-0.11,14,-0.17,22,0.03,65,2015
27015,Minnesota,Brown,-0.28,29,-0.39,7,0.08,68,-0.1,17,-0.19,20,0.01,48,2015
27017,Minnesota,Carlton,0.23,64,0.11,56,0,43,-0.06,27,0.08,62,-0.01,40,2015
27019,Minnesota,Carver,-0.88,1,-0.15,26,-0.23,7,-0.14,5,-0.41,3,0.04,73,2015
27021,Minnesota,Cass,1.03,84,0.56,85,0.02,45,0.2,84,0.59,84,-0.01,38,2015
27023,Minnesota,Chippewa,0.41,74,0.15,61,0.27,84,0.08,68,-0.01,50,0.03,69,2015
27025,Minnesota,Chisago,-0.33,24,0.28,75,0.07,63,-0.07,26,-0.06,42,0.08,87,2015
27027,Minnesota,Clay,-0.02,49,0.24,68,0.02,48,-0.09,18,-0.18,21,-0.02,23,2015
27029,Minnesota,Clearwater,0.87,82,0.01,48,0.27,85,0.43,87,0.62,87,0.03,66,2015
27031,Minnesota,Cook,-0.22,36,-0.1,37,-0.16,13,0,50,0.13,68,-0.11,2,2015
27033,Minnesota,Cottonwood,0.14,59,0.29,77,0.09,71,-0.1,16,0.04,55,-0.04,17,2015
27035,Minnesota,Crow Wing,-0.09,43,0.34,80,-0.05,32,-0.03,40,0.11,64,0.01,53,2015
27037,Minnesota,Dakota,-0.53,8,0,47,-0.24,6,-0.11,13,-0.24,14,0.03,63,2015
27039,Minnesota,Dodge,-0.3,26,-0.3,11,0.08,70,-0.05,29,-0.24,12,-0.01,37,2015
27041,Minnesota,Douglas,-0.21,37,-0.14,30,-0.07,30,-0.1,15,-0.22,16,0.04,74,2015
27043,Minnesota,Faribault,-0.08,45,0.17,62,-0.04,35,0.07,64,0.14,69,0.01,54,2015
27045,Minnesota,Fillmore,-0.45,11,-0.43,6,-0.17,11,-0.03,37,-0.08,36,0,44,2015
27047,Minnesota,Freeborn,-0.09,44,0.41,81,0.12,75,0,47,0.21,74,0,45,2015
27049,Minnesota,Goodhue,-0.34,23,-0.24,19,0.03,50,-0.09,20,-0.09,34,0,47,2015
27051,Minnesota,Grant,0.33,69,-0.05,42,0.02,49,0.07,66,-0.01,49,0.05,78,2015
27053,Minnesota,Hennepin,-0.27,32,0.23,65,-0.2,9,-0.13,9,0.12,65,0.02,55,2015
27055,Minnesota,Houston,-0.44,12,-0.07,41,-0.23,8,-0.14,6,0.05,56,-0.02,24,2015
27057,Minnesota,Hubbard,-0.01,51,0,45,-0.02,40,-0.03,35,0.32,79,-0.01,36,2015
27059,Minnesota,Isanti,-0.35,21,0.34,79,0.07,62,-0.05,30,-0.06,40,0.05,77,2015
27061,Minnesota,Itasca,0.34,71,0.05,52,0.08,67,-0.04,32,0.3,77,-0.01,29,2015
27063,Minnesota,Jackson,0.24,65,0.18,63,-0.09,25,-0.01,42,-0.35,6,0,42,2015
27065,Minnesota,Kanabec,0.01,53,0.02,49,-0.07,29,0.13,79,0.46,83,0.05,76,2015
27067,Minnesota,Kandiyohi,-0.25,34,-0.2,20,0.04,51,-0.15,4,0.07,60,0.05,79,2015
27069,Minnesota,Kittson,0.02,54,-0.17,24,0.11,74,0.06,62,-0.13,25,-0.13,1,2015
27071,Minnesota,Koochiching,0.33,70,0.22,64,-0.05,33,0.2,85,0.45,82,-0.06,8,2015
27073,Minnesota,Lac qui Parle,0.71,79,-0.71,1,0.07,59,0.1,76,-0.11,30,-0.05,12,2015
27075,Minnesota,Lake,0.15,61,0.76,86,0.08,65,-0.12,11,-0.02,48,-0.08,5,2015
27077,Minnesota,Lake of the Woods,-0.3,27,-0.3,12,-0.01,42,0.16,82,0.1,63,-0.06,9,2015
27079,Minnesota,Le Sueur,-0.56,6,-0.17,22,-0.12,21,0,45,-0.11,31,0.03,67,2015
27081,Minnesota,Lincoln,-0.05,46,-0.33,9,0.14,77,-0.11,12,-0.24,13,-0.03,18,2015
27083,Minnesota,Lyon,-0.19,38,-0.1,38,0.02,47,-0.05,28,-0.12,27,0.01,49,2015
27085,Minnesota,McLeod,-0.43,13,-0.44,5,-0.1,24,0.02,53,-0.12,28,0.03,71,2015
27087,Minnesota,Mahnomen,1.5,87,0.46,82,0.71,87,0.26,86,0.62,86,-0.02,26,2015
27089,Minnesota,Marshall,-0.42,15,0.06,53,0.05,55,0.07,65,-0.02,47,-0.02,27,2015
27091,Minnesota,Martin,-0.05,47,-0.1,36,0.06,56,0,44,0.02,54,0.01,50,2015
27093,Minnesota,Meeker,0.03,55,-0.3,13,0.08,69,0.04,58,-0.13,26,0.05,80,2015
27095,Minnesota,Mille Lacs,0.89,83,0.24,69,0.25,82,0.09,74,0.31,78,0.05,81,2015
27097,Minnesota,Morrison,0.32,68,0.54,83,0.09,72,0.04,59,0.14,71,0.01,52,2015
27099,Minnesota,Mower,-0.35,20,0.27,73,0.05,52,0.08,69,0.14,70,0.03,62,2015
27101,Minnesota,Murray,0.56,75,0.11,57,0.07,61,0.03,55,-0.26,10,-0.01,39,2015
27103,Minnesota,Nicollet,-0.28,30,-0.3,14,-0.31,2,-0.15,3,-0.36,5,-0.02,25,2015
27105,Minnesota,Nobles,-0.58,5,-0.34,8,-0.14,14,0.07,63,0.12,66,-0.01,35,2015
27107,Minnesota,Norman,0.66,78,0.54,84,0.16,80,0.09,75,0.07,59,-0.06,11,2015
27109,Minnesota,Olmsted,-0.43,14,-0.18,21,-0.33,1,-0.35,1,-0.26,9,-0.04,16,2015
27111,Minnesota,Otter Tail,-0.02,48,0.09,55,-0.11,23,-0.01,43,0,51,-0.01,41,2015
27113,Minnesota,Pennington,0.18,63,0.13,60,-0.06,31,-0.04,33,-0.05,43,-0.09,3,2015
27115,Minnesota,Pine,0.72,80,0.27,72,0.02,46,0.15,81,0.44,81,0.07,84,2015
27117,Minnesota,Pipestone,0.08,57,-0.02,43,0,44,-0.03,36,-0.09,33,0.06,83,2015
27119,Minnesota,Polk,0.8,81,-0.11,35,0.26,83,0,48,-0.02,46,-0.03,21,2015
27121,Minnesota,Pope,0.32,67,0,46,-0.12,17,-0.01,41,-0.23,15,0.02,57,2015
27123,Minnesota,Ramsey,0,52,0.31,78,-0.12,20,-0.08,22,0.27,76,0.02,58,2015
27125,Minnesota,Red Lake,0.38,73,-0.56,3,0.15,79,0.15,80,0.06,57,-0.06,10,2015
27127,Minnesota,Redwood,-0.28,31,-0.57,2,0.07,60,0.04,56,-0.07,38,0.02,60,2015
27129,Minnesota,Renville,1.05,85,0.26,71,0.06,57,0,46,0.06,58,0,46,2015
27131,Minnesota,Rice,-0.5,10,0.12,58,-0.3,3,-0.09,19,0.02,53,-0.01,34,2015
27133,Minnesota,Rock,-0.16,41,-0.1,39,-0.12,18,-0.08,24,-0.08,35,-0.01,33,2015
27135,Minnesota,Roseau,-0.17,40,-0.12,34,-0.08,28,0.06,61,-0.21,17,-0.08,4,2015
27137,Minnesota,St. Louis,0.34,72,0.25,70,0.05,53,-0.13,10,0.22,75,-0.05,13,2015
27139,Minnesota,Scott,-0.75,3,-0.02,44,-0.26,4,-0.08,23,-0.42,1,0.06,82,2015
27141,Minnesota,Sherburne,-0.38,17,0.12,59,0.11,73,-0.03,39,-0.3,8,0.07,85,2015
27143,Minnesota,Sibley,-0.12,42,-0.14,29,-0.02,39,0.18,83,0.01,52,0.02,61,2015
27145,Minnesota,Stearns,-0.37,18,0.02,50,-0.14,15,-0.07,25,-0.15,23,0.03,68,2015
27147,Minnesota,Steele,-0.38,16,-0.29,15,-0.19,10,-0.14,8,-0.11,29,0.02,56,2015
27149,Minnesota,Stevens,-0.31,25,-0.13,32,-0.03,38,0,51,-0.37,4,-0.07,7,2015
27151,Minnesota,Swift,-0.25,33,-0.27,16,0.14,78,-0.04,31,-0.06,39,-0.03,20,2015
27153,Minnesota,Todd,0.06,56,0.02,51,-0.03,37,0.12,78,0.16,72,0.03,70,2015
27155,Minnesota,Traverse,0.57,76,-0.26,17,0.13,76,0.12,77,-0.04,45,-0.07,6,2015
27157,Minnesota,Wabasha,-0.34,22,-0.07,40,-0.11,22,-0.14,7,-0.21,18,-0.03,19,2015
27159,Minnesota,Wadena,0.29,66,0.77,87,0.05,54,0.08,71,0.2,73,0.02,59,2015
27161,Minnesota,Waseca,-0.51,9,-0.12,33,0.08,64,-0.04,34,-0.06,41,-0.02,28,2015
27163,Minnesota,Washington,-0.69,4,-0.15,27,-0.24,5,-0.21,2,-0.41,2,0.03,64,2015
27165,Minnesota,Watonwan,0.13,58,-0.52,4,0.08,66,0.08,72,0.13,67,0,43,2015
27167,Minnesota,Wilkin,-0.8,2,-0.17,23,-0.05,34,0.02,54,-0.25,11,-0.05,14,2015
27169,Minnesota,Winona,-0.36,19,-0.14,28,-0.16,12,0.04,60,-0.11,32,0.01,51,2015
27171,Minnesota,Wright,-0.56,7,-0.15,25,-0.13,16,0.01,52,-0.31,7,0.08,86,2015
27173,Minnesota,Yellow Medicine,-0.18,39,0.24,67,0.22,81,0.07,67,-0.19,19,-0.02,22,2015
27001,Minnesota,Aitkin,0.33,66,0.33,75,-0.04,35,0.1,68,0.38,80,-0.01,36,2016
27003,Minnesota,Anoka,-0.34,25,0.06,54,-0.03,43,0.01,46,-0.18,17,0.08,84,2016
27005,Minnesota,Becker,0.61,78,0.04,53,0.17,80,0.04,57,0.05,58,0.02,58,2016
27007,Minnesota,Beltrami,1.24,86,0.69,85,0.36,86,0.16,81,0.45,82,0.02,56,2016
27009,Minnesota,Benton,0.08,51,0.09,56,0.13,70,0.13,75,-0.04,42,0.03,62,2016
27011,Minnesota,Big Stone,-0.07,45,-0.33,11,-0.11,18,0.05,60,-0.1,33,-0.03,23,2016
27013,Minnesota,Blue Earth,-0.44,11,0.29,73,0.18,81,-0.18,3,-0.16,22,0.07,83,2016
27015,Minnesota,Brown,-0.22,38,-0.29,18,-0.19,8,-0.15,7,-0.14,26,0.04,69,2016
27017,Minnesota,Carlton,0.3,64,-0.02,48,0.21,82,-0.03,35,0.03,55,-0.02,27,2016
27019,Minnesota,Carver,-0.89,2,-0.58,2,-0.42,1,-0.14,11,-0.49,1,0.07,82,2016
27021,Minnesota,Cass,0.81,84,0.9,86,0.12,69,0.25,87,0.6,85,-0.01,31,2016
27023,Minnesota,Chippewa,0.71,82,-0.09,40,0.03,57,0.09,67,0.06,59,0.03,68,2016
27025,Minnesota,Chisago,-0.34,24,-0.15,37,-0.01,47,-0.1,17,-0.16,21,0.09,87,2016
27027,Minnesota,Clay,0.09,53,0.19,67,-0.05,33,-0.08,23,-0.18,18,-0.04,15,2016
27029,Minnesota,Clearwater,0.94,85,0.59,84,0.36,85,0.18,83,0.69,87,0.02,53,2016
27031,Minnesota,Cook,0.58,77,0.31,74,-0.06,26,0.04,58,0.08,62,-0.12,2,2016
27033,Minnesota,Cottonwood,0.19,59,0.13,59,0.06,60,-0.05,28,0.01,51,-0.04,16,2016
27035,Minnesota,Crow Wing,0.19,60,0.01,50,0.09,66,0.01,45,0.08,63,0,40,2016
27037,Minnesota,Dakota,-0.55,6,-0.21,31,-0.27,5,-0.13,12,-0.27,9,0.06,79,2016
27039,Minnesota,Dodge,-0.39,18,-0.33,12,-0.08,23,-0.04,33,-0.25,10,-0.02,30,2016
27041,Minnesota,Douglas,-0.43,13,-0.2,32,-0.15,14,-0.08,22,-0.23,11,0.03,63,2016
27043,Minnesota,Faribault,0.03,49,0.09,57,-0.15,11,0.01,47,0.16,70,-0.01,38,2016
27045,Minnesota,Fillmore,-0.52,7,-0.27,22,-0.15,13,-0.03,36,-0.08,35,0,41,2016
27047,Minnesota,Freeborn,-0.21,39,0.17,64,0.13,71,-0.04,30,0.17,72,0.03,66,2016
27049,Minnesota,Goodhue,-0.4,17,-0.24,26,0.07,61,-0.09,19,-0.11,30,-0.01,35,2016
27051,Minnesota,Grant,0.12,55,-0.06,44,-0.02,46,0.1,69,-0.06,39,0.04,70,2016
27053,Minnesota,Hennepin,-0.31,29,0.18,65,-0.26,6,-0.14,8,0.09,64,0.05,73,2016
27055,Minnesota,Houston,-0.97,1,-0.03,47,-0.21,7,-0.14,9,0.05,57,0.01,47,2016
27057,Minnesota,Hubbard,0.05,50,0.2,69,0.01,53,0.02,51,0.26,77,-0.02,28,2016
27059,Minnesota,Isanti,-0.23,36,-0.15,36,-0.01,48,-0.14,10,-0.01,48,0.03,64,2016
27061,Minnesota,Itasca,0.52,75,0.24,70,0.17,79,0,44,0.28,79,0.02,57,2016
27063,Minnesota,Jackson,0.45,71,0.49,79,-0.07,25,-0.05,29,-0.19,14,-0.01,34,2016
27065,Minnesota,Kanabec,0.09,52,0.07,55,0.05,59,0.06,63,0.4,81,0.03,65,2016
27067,Minnesota,Kandiyohi,-0.37,21,-0.05,45,-0.03,44,-0.13,14,0.1,68,0.09,86,2016
27069,Minnesota,Kittson,-0.22,37,-0.26,23,0.03,56,0.18,82,-0.1,32,-0.15,1,2016
27071,Minnesota,Koochiching,0.66,81,0.25,71,0.01,51,0.16,80,0.5,84,-0.03,21,2016
27073,Minnesota,Lac qui Parle,0.21,61,-0.75,1,-0.07,24,0.07,64,-0.08,34,-0.06,7,2016
27075,Minnesota,Lake,0.46,72,0.49,80,-0.11,19,-0.09,20,-0.03,43,-0.09,3,2016
27077,Minnesota,Lake of the Woods,-0.45,10,-0.41,5,-0.05,30,0.22,85,-0.07,38,-0.04,17,2016
27079,Minnesota,Le Sueur,-0.29,30,-0.27,21,0.03,58,-0.04,32,-0.11,28,0.02,55,2016
27081,Minnesota,Lincoln,0.29,63,-0.32,14,-0.06,27,-0.03,37,-0.19,15,-0.05,11,2016
27083,Minnesota,Lyon,-0.21,41,0.2,68,-0.09,22,-0.09,18,-0.08,36,-0.01,37,2016
27085,Minnesota,McLeod,-0.33,26,-0.41,6,0.01,52,0.01,48,-0.17,19,0.02,54,2016
27087,Minnesota,Mahnomen,1.5,87,1.22,87,0.48,87,0.2,84,0.68,86,-0.02,29,2016
27089,Minnesota,Marshall,-0.41,15,-0.08,41,0,50,0.13,76,-0.01,49,-0.04,18,2016
27091,Minnesota,Martin,-0.12,43,0.14,60,0.1,68,-0.02,38,0.09,65,0.01,44,2016
27093,Minnesota,Meeker,-0.28,31,-0.21,30,-0.05,31,0,43,-0.13,27,0.04,71,2016
27095,Minnesota,Mille Lacs,0.56,76,0.25,72,0.32,84,0.1,70,0.26,76,0.03,61,2016
27097,Minnesota,Morrison,0.27,62,0.1,58,0.09,65,0.04,55,0.13,69,0.05,77,2016
27099,Minnesota,Mower,-0.25,33,0.36,76,0.16,76,0.12,73,0.16,71,0.06,80,2016
27101,Minnesota,Murray,0.39,70,-0.22,29,-0.11,17,0.02,50,-0.16,23,0.03,59,2016
27103,Minnesota,Nicollet,-0.39,20,-0.34,9,-0.05,29,-0.16,5,-0.38,4,-0.02,26,2016
27105,Minnesota,Nobles,-0.33,27,0.16,63,0.1,67,0.11,71,0.1,67,-0.04,19,2016
27107,Minnesota,Norman,0.79,83,0.54,82,0.14,72,-0.03,34,0.06,60,-0.06,9,2016
27109,Minnesota,Olmsted,-0.49,8,-0.31,15,-0.31,3,-0.41,1,-0.22,13,-0.06,10,2016
27111,Minnesota,Otter Tail,0.31,65,-0.24,24,-0.17,9,-0.02,39,-0.02,45,0.03,60,2016
27113,Minnesota,Pennington,0.38,69,0.14,62,-0.03,42,-0.15,6,-0.03,44,-0.05,12,2016
27115,Minnesota,Pine,0.49,74,0.58,83,0.23,83,0.15,78,0.46,83,0.05,76,2016
27117,Minnesota,Pipestone,0.14,56,0.01,51,-0.05,32,0.05,61,0.02,54,0.01,51,2016
27119,Minnesota,Polk,0.64,80,-0.04,46,0.16,77,-0.02,41,0,50,0.01,46,2016
27121,Minnesota,Pope,0.36,68,0.18,66,-0.1,20,0.04,59,-0.27,8,0.05,74,2016
27123,Minnesota,Ramsey,-0.01,48,0.43,77,-0.04,39,-0.09,21,0.24,75,0,42,2016
27125,Minnesota,Red Lake,-0.06,46,-0.51,3,0.15,75,0.12,74,0.02,52,-0.06,8,2016
27127,Minnesota,Redwood,0.46,73,-0.11,38,0.14,73,0.04,56,-0.01,46,0.01,45,2016
27129,Minnesota,Renville,0.62,79,0.04,52,0,49,0.03,53,0.08,61,-0.01,39,2016
27131,Minnesota,Rice,-0.37,22,-0.01,49,-0.13,15,-0.12,15,-0.01,47,-0.03,22,2016
27133,Minnesota,Rock,-0.14,42,-0.2,34,-0.15,12,-0.01,42,-0.11,29,-0.03,25,2016
27135,Minnesota,Roseau,-0.04,47,-0.28,20,0.15,74,0.08,66,-0.19,16,-0.05,14,2016
27137,Minnesota,St. Louis,0.36,67,0.44,78,0.16,78,-0.13,13,0.17,73,-0.01,32,2016
27139,Minnesota,Scott,-0.78,3,-0.36,8,-0.28,4,-0.04,31,-0.44,2,0.08,85,2016
27141,Minnesota,Sherburne,-0.39,19,-0.24,25,-0.03,40,-0.07,25,-0.31,7,0.05,75,2016
27143,Minnesota,Sibley,-0.24,35,-0.2,33,-0.04,34,0.15,79,0.05,56,0.06,78,2016
27145,Minnesota,Stearns,-0.4,16,-0.1,39,-0.13,16,-0.08,24,-0.16,20,0.01,52,2016
27147,Minnesota,Steele,-0.21,40,-0.08,42,-0.03,41,-0.1,16,-0.04,41,0.01,50,2016
27149,Minnesota,Stevens,-0.78,4,-0.33,13,-0.02,45,0.13,77,-0.33,6,-0.07,6,2016
27151,Minnesota,Swift,-0.26,32,-0.23,27,-0.04,37,0.03,52,-0.07,37,-0.03,24,2016
27153,Minnesota,Todd,0.1,54,-0.06,43,0.08,63,0.24,86,0.2,74,0.01,49,2016
27155,Minnesota,Traverse,-0.1,44,-0.22,28,0.08,62,0.05,62,0.02,53,-0.07,5,2016
27157,Minnesota,Wabasha,-0.42,14,-0.3,17,-0.16,10,-0.16,4,-0.23,12,0.01,43,2016
27159,Minnesota,Wadena,0.16,57,0.51,81,0.09,64,0.03,54,0.27,78,0.01,48,2016
27161,Minnesota,Waseca,-0.32,28,-0.3,16,0.02,54,-0.02,40,-0.06,40,-0.03,20,2016
27163,Minnesota,Washington,-0.71,5,-0.47,4,-0.33,2,-0.25,2,-0.43,3,0.06,81,2016
27165,Minnesota,Watonwan,-0.25,34,-0.28,19,-0.05,28,0.12,72,0.1,66,-0.01,33,2016
27167,Minnesota,Wilkin,-0.44,12,-0.34,10,-0.04,36,0.08,65,-0.15,24,-0.09,4,2016
27169,Minnesota,Winona,-0.36,23,0.14,61,0.03,55,-0.05,27,-0.11,31,0.03,67,2016
27171,Minnesota,Wright,-0.49,9,-0.38,7,-0.04,38,-0.05,26,-0.38,5,0.04,72,2016
27173,Minnesota,Yellow Medicine,0.16,58,-0.17,35,-0.1,21,0.02,49,-0.14,25,-0.05,13,2016
27001,Minnesota,Aitkin,0.3,68,0.42,78,0.07,66,0.13,77,0.34,80,-0.01,41,2017
27003,Minnesota,Anoka,-0.31,25,0,47,0.09,68,-0.05,33,-0.22,13,0.12,87,2017
27005,Minnesota,Becker,0.45,76,0.18,66,0.19,79,0.02,48,0.02,51,0.02,58,2017
27007,Minnesota,Beltrami,1.06,85,0.51,81,0.47,86,0.2,84,0.45,83,0.03,60,2017
27009,Minnesota,Benton,0,52,0.1,59,0.03,57,0.05,55,-0.04,41,0.03,63,2017
27011,Minnesota,Big Stone,-0.07,42,-0.24,21,-0.12,16,-0.11,14,0,47,-0.05,19,2017
27013,Minnesota,Blue Earth,-0.41,15,0.18,67,0.1,71,-0.16,5,-0.14,23,0.07,80,2017
27015,Minnesota,Brown,-0.19,33,-0.2,28,-0.15,12,-0.12,12,-0.17,20,0.02,59,2017
27017,Minnesota,Carlton,0.31,69,0.32,74,0.16,78,-0.04,39,0.02,50,0,46,2017
27019,Minnesota,Carver,-0.77,3,-0.7,1,-0.37,1,-0.09,19,-0.51,1,0.1,81,2017
27021,Minnesota,Cass,0.9,84,0.88,86,0.21,80,0.24,86,0.59,85,-0.01,39,2017
27023,Minnesota,Chippewa,0.28,66,0.03,49,0.06,65,-0.02,46,0.09,64,-0.02,35,2017
27025,Minnesota,Chisago,-0.4,17,-0.09,41,-0.07,26,-0.07,22,-0.13,24,0.1,83,2017
27027,Minnesota,Clay,-0.02,46,0.33,75,0.04,61,-0.1,16,-0.18,19,-0.02,33,2017
27029,Minnesota,Clearwater,1.5,86,0.52,82,0.34,85,0.13,78,0.6,86,-0.03,31,2017
27031,Minnesota,Cook,0.69,82,0.25,70,-0.09,22,-0.2,3,0.04,56,-0.15,1,2017
27033,Minnesota,Cottonwood,0.14,57,0.2,68,0.14,75,-0.06,28,0.13,70,-0.06,10,2017
27035,Minnesota,Crow Wing,0.14,58,0.09,57,0.01,51,-0.06,26,0.09,63,0.02,53,2017
27037,Minnesota,Dakota,-0.51,10,-0.21,27,-0.34,2,-0.1,17,-0.27,9,0.11,86,2017
27039,Minnesota,Dodge,-0.35,22,-0.29,16,-0.2,9,-0.1,15,-0.27,8,0,44,2017
27041,Minnesota,Douglas,-0.15,37,-0.12,36,-0.11,19,-0.09,20,-0.24,11,-0.01,38,2017
27043,Minnesota,Faribault,-0.04,43,0.06,52,-0.18,10,0.11,72,0.05,59,-0.02,36,2017
27045,Minnesota,Fillmore,-0.36,21,-0.22,24,-0.21,8,-0.04,37,-0.05,39,0.02,54,2017
27047,Minnesota,Freeborn,-0.33,24,0.24,69,0.01,52,0.06,61,0.15,74,0.05,70,2017
27049,Minnesota,Goodhue,-0.38,18,-0.06,43,-0.03,37,-0.06,25,-0.08,34,0.03,62,2017
27051,Minnesota,Grant,0.32,71,-0.14,34,0.02,53,0.1,70,-0.08,33,0.01,47,2017
27053,Minnesota,Hennepin,-0.26,29,0,46,-0.24,7,-0.12,11,0.01,49,0.11,84,2017
27055,Minnesota,Houston,-0.87,1,-0.19,30,-0.27,5,-0.15,7,0.02,52,0.04,67,2017
27057,Minnesota,Hubbard,0.17,62,0.09,56,-0.05,28,0.05,56,0.24,77,-0.03,30,2017
27059,Minnesota,Isanti,-0.02,47,0.03,51,-0.01,43,-0.05,32,-0.08,35,0.05,71,2017
27061,Minnesota,Itasca,0.83,83,0.4,76,0.09,69,-0.02,44,0.27,79,0.01,48,2017
27063,Minnesota,Jackson,0.13,55,0.27,72,-0.04,33,-0.05,31,-0.19,17,-0.03,25,2017
27065,Minnesota,Kanabec,-0.21,31,-0.01,45,0.07,67,0.07,63,0.36,81,0.02,56,2017
27067,Minnesota,Kandiyohi,-0.35,23,-0.19,29,-0.01,44,-0.15,6,0.05,58,0.06,74,2017
27069,Minnesota,Kittson,0.41,75,-0.27,18,-0.06,27,0.13,79,-0.06,37,-0.14,2,2017
27071,Minnesota,Koochiching,0.34,72,0.43,79,0,47,0.1,71,0.58,84,-0.05,17,2017
27073,Minnesota,Lac qui Parle,0.14,59,-0.52,5,-0.11,20,0.05,58,-0.03,43,-0.09,4,2017
27075,Minnesota,Lake,-0.03,45,0.48,80,-0.04,32,-0.06,27,-0.06,38,-0.06,11,2017
27077,Minnesota,Lake of the Woods,0,50,-0.24,23,0.01,50,0.35,87,0.08,61,-0.09,3,2017
27079,Minnesota,Le Sueur,-0.29,27,-0.27,19,-0.03,36,-0.01,47,-0.11,30,0.02,55,2017
27081,Minnesota,Lincoln,0.4,74,-0.45,6,-0.11,18,0.09,67,-0.19,18,-0.06,12,2017
27083,Minnesota,Lyon,-0.54,9,0.14,63,-0.03,35,-0.1,18,-0.04,40,-0.04,20,2017
27085,Minnesota,McLeod,-0.12,39,-0.1,40,-0.01,45,-0.02,45,-0.15,22,0.01,51,2017
27087,Minnesota,Mahnomen,1.5,86,1.3,87,0.55,87,0.16,81,0.81,87,-0.03,23,2017
27089,Minnesota,Marshall,-0.64,5,-0.37,13,-0.04,31,0.08,65,0.04,55,-0.03,24,2017
27091,Minnesota,Martin,-0.02,49,0.1,58,0.15,77,0.03,51,0.14,73,-0.01,42,2017
27093,Minnesota,Meeker,-0.18,34,-0.1,39,0,46,0.04,53,-0.16,21,0.02,57,2017
27095,Minnesota,Mille Lacs,0.58,79,0.41,77,0.33,84,0.09,68,0.23,76,0.03,66,2017
27097,Minnesota,Morrison,-0.04,44,0.13,61,0.23,81,-0.03,41,0.1,65,0.06,72,2017
27099,Minnesota,Mower,-0.1,41,0.16,65,0.15,76,0.06,60,0.12,68,0.07,78,2017
27101,Minnesota,Murray,0.15,60,-0.21,25,-0.09,21,0.08,64,-0.12,28,0,45,2017
27103,Minnesota,Nicollet,-0.46,14,-0.24,22,-0.05,30,-0.13,9,-0.33,6,-0.02,32,2017
27105,Minnesota,Nobles,-0.13,38,-0.11,38,0.04,63,0.12,76,0.13,69,-0.03,27,2017
27107,Minnesota,Norman,0.59,80,0.59,84,0.04,59,-0.03,42,0.08,62,-0.05,18,2017
27109,Minnesota,Olmsted,-0.47,13,-0.37,12,-0.27,6,-0.37,1,-0.23,12,-0.04,22,2017
27111,Minnesota,Otter Tail,0.11,54,-0.38,10,-0.14,14,-0.02,43,-0.02,46,0.02,52,2017
27113,Minnesota,Pennington,0.13,56,0.15,64,0,49,-0.07,23,0.04,57,-0.06,16,2017
27115,Minnesota,Pine,0.29,67,0.58,83,0.27,83,0.19,83,0.38,82,0.06,76,2017
27117,Minnesota,Pipestone,0.26,65,-0.06,44,0,48,0.02,50,-0.02,45,-0.01,40,2017
27119,Minnesota,Polk,0.54,78,0.09,55,0.24,82,0.02,49,0.07,60,0.04,68,2017
27121,Minnesota,Pope,0.25,63,-0.12,37,-0.08,24,0.11,75,-0.26,10,0.01,49,2017
27123,Minnesota,Ramsey,0.02,53,0.25,71,-0.03,38,-0.08,21,0.22,75,0.07,79,2017
27125,Minnesota,Red Lake,-0.58,6,-0.66,2,0.12,72,0.04,54,0.03,53,-0.09,5,2017
27127,Minnesota,Redwood,0.6,81,0.07,53,0.04,62,0.09,69,-0.03,44,-0.06,13,2017
27129,Minnesota,Renville,0.37,73,0,48,-0.05,29,0.05,59,0.01,48,-0.03,29,2017
27131,Minnesota,Rice,-0.37,20,0.07,54,-0.04,34,-0.06,24,-0.06,36,0,43,2017
27133,Minnesota,Rock,0.17,61,-0.16,31,-0.16,11,-0.04,35,-0.2,15,-0.04,21,2017
27135,Minnesota,Roseau,0.32,70,-0.34,14,0.02,55,0.08,66,-0.12,26,-0.06,14,2017
27137,Minnesota,St. Louis,0.26,64,0.69,85,0.1,70,-0.11,13,0.14,72,0.03,61,2017
27139,Minnesota,Scott,-0.73,4,-0.55,4,-0.31,4,-0.04,38,-0.42,2,0.1,82,2017
27141,Minnesota,Sherburne,-0.3,26,-0.16,32,-0.02,40,-0.03,40,-0.3,7,0.07,77,2017
27143,Minnesota,Sibley,-0.16,36,-0.27,20,0.04,58,0.07,62,-0.03,42,0.04,69,2017
27145,Minnesota,Stearns,-0.4,16,0.11,60,-0.11,17,-0.13,8,-0.12,27,0.01,50,2017
27147,Minnesota,Steele,-0.17,35,-0.09,42,-0.01,42,-0.12,10,-0.1,32,0.03,65,2017
27149,Minnesota,Stevens,-0.77,2,-0.29,17,0.05,64,0.11,73,-0.41,4,-0.07,9,2017
27151,Minnesota,Swift,-0.48,12,-0.16,33,-0.03,39,0.03,52,0.1,66,-0.06,15,2017
27153,Minnesota,Todd,-0.02,48,0.03,50,0.12,73,0.18,82,0.12,67,-0.01,37,2017
27155,Minnesota,Traverse,0,50,-0.44,7,0.03,56,0.05,57,0.04,54,-0.08,7,2017
27157,Minnesota,Wabasha,-0.49,11,-0.38,11,-0.07,25,-0.16,4,-0.21,14,0.03,64,2017
27159,Minnesota,Wadena,0.49,77,0.32,73,0.12,74,0.15,80,0.26,78,-0.02,34,2017
27161,Minnesota,Waseca,-0.58,7,-0.31,15,0.02,54,-0.04,34,-0.1,31,-0.03,28,2017
27163,Minnesota,Washington,-0.55,8,-0.62,3,-0.32,3,-0.22,2,-0.41,3,0.11,85,2017
27165,Minnesota,Watonwan,-0.11,40,-0.21,26,-0.12,15,0.22,85,0.13,71,-0.03,26,2017
27167,Minnesota,Wilkin,-0.25,30,-0.41,8,-0.09,23,-0.05,30,-0.2,16,-0.07,8,2017
27169,Minnesota,Winona,-0.19,32,0.13,62,0.04,60,-0.06,29,-0.13,25,0.06,75,2017
27171,Minnesota,Wright,-0.38,19,-0.41,9,-0.14,13,-0.04,36,-0.38,5,0.06,73,2017
27173,Minnesota,Yellow Medicine,-0.28,28,-0.12,35,-0.02,41,0.11,74,-0.11,29,-0.09,6,2017
27001,Minnesota,Aitkin,0.43,76,0.42,79,-0.01,46,0.1,71,0.41,82,0.06,73,2018
27003,Minnesota,Anoka,-0.35,22,-0.18,25,-0.02,40,-0.04,34,-0.21,17,0.07,79,2018
27005,Minnesota,Becker,0.36,71,0.08,59,0.11,72,-0.03,38,0.06,62,0.05,69,2018
27007,Minnesota,Beltrami,1.01,86,0.74,85,0.43,86,0.17,84,0.49,83,-0.03,26,2018
27009,Minnesota,Benton,-0.11,39,0.17,66,0.09,69,0.03,53,-0.1,29,0.05,68,2018
27011,Minnesota,Big Stone,0,48,-0.1,32,-0.1,22,-0.01,46,0,49,-0.03,25,2018
27013,Minnesota,Blue Earth,-0.35,21,0.37,75,0.22,83,-0.17,3,-0.12,27,0.03,59,2018
27015,Minnesota,Brown,-0.25,30,-0.39,10,-0.17,11,-0.12,14,-0.19,18,-0.02,32,2018
27017,Minnesota,Carlton,0.42,75,0.33,74,0.08,65,-0.03,40,0.05,58,0.02,53,2018
27019,Minnesota,Carver,-0.77,2,-0.53,3,-0.41,1,-0.08,18,-0.51,1,0.05,70,2018
27021,Minnesota,Cass,0.95,84,0.76,86,0.2,81,0.22,85,0.56,84,0,49,2018
27023,Minnesota,Chippewa,0.35,70,-0.25,21,0.03,53,-0.06,26,0.06,61,-0.03,28,2018
27025,Minnesota,Chisago,-0.26,27,0.05,54,0.03,55,-0.07,25,-0.14,23,0.11,86,2018
27027,Minnesota,Clay,0.03,53,0.22,70,0.01,49,-0.04,33,-0.16,19,0,45,2018
27029,Minnesota,Clearwater,0.96,85,0.53,82,0.14,76,0.15,80,0.64,86,-0.01,39,2018
27031,Minnesota,Cook,0.74,81,0.58,84,-0.01,47,0,48,-0.02,45,-0.11,3,2018
27033,Minnesota,Cottonwood,0.39,72,-0.01,49,0.15,78,-0.02,41,0.26,77,-0.04,20,2018
27035,Minnesota,Crow Wing,0.12,60,0.03,52,0.14,74,-0.12,11,0.06,60,0.02,56,2018
27037,Minnesota,Dakota,-0.52,11,-0.1,31,-0.21,7,-0.11,16,-0.29,8,0.13,87,2018
27039,Minnesota,Dodge,-0.56,8,-0.51,4,-0.17,10,-0.1,17,-0.28,9,0,46,2018
27041,Minnesota,Douglas,-0.04,44,0.07,56,-0.04,34,-0.12,10,-0.28,10,0,47,2018
27043,Minnesota,Faribault,0.22,64,-0.18,24,-0.14,15,0.06,62,0.02,52,-0.01,44,2018
27045,Minnesota,Fillmore,-0.46,16,-0.44,6,-0.21,6,-0.01,44,-0.03,44,-0.02,29,2018
27047,Minnesota,Freeborn,-0.38,18,0.18,67,0.06,63,0.02,51,0.07,63,-0.01,43,2018
27049,Minnesota,Goodhue,-0.2,33,-0.31,17,0.01,50,-0.08,21,-0.12,28,0.03,62,2018
27051,Minnesota,Grant,0,47,0.22,69,0,48,0.17,82,-0.06,38,0.03,60,2018
27053,Minnesota,Hennepin,-0.26,29,0.08,57,-0.2,8,-0.12,9,0.02,51,0.06,75,2018
27055,Minnesota,Houston,-0.55,9,-0.07,38,-0.22,4,-0.16,4,0.03,55,0,51,2018
27057,Minnesota,Hubbard,0.14,61,0.03,53,0.06,62,0,47,0.27,78,-0.02,34,2018
27059,Minnesota,Isanti,-0.07,42,-0.07,39,0.04,58,-0.08,19,-0.05,39,0.06,71,2018
27061,Minnesota,Itasca,0.67,79,0.29,72,0.14,75,-0.06,28,0.4,81,0.04,65,2018
27063,Minnesota,Jackson,-0.18,35,0.09,61,-0.11,19,-0.06,29,-0.24,13,-0.02,33,2018
27065,Minnesota,Kanabec,-0.24,31,0.18,68,0.19,80,0.06,61,0.35,80,0.02,57,2018
27067,Minnesota,Kandiyohi,-0.31,23,-0.04,43,-0.09,24,-0.11,15,0.05,57,0.08,83,2018
27069,Minnesota,Kittson,0.06,54,-0.12,28,-0.01,44,0.14,79,-0.07,36,-0.12,1,2018
27071,Minnesota,Koochiching,0.19,62,0.56,83,0.08,66,0.09,68,0.61,85,-0.09,4,2018
27073,Minnesota,Lac qui Parle,-0.55,10,-0.39,11,-0.08,26,-0.03,37,-0.01,48,-0.08,7,2018
27075,Minnesota,Lake,0.41,73,0.1,62,-0.08,27,-0.06,27,-0.01,47,-0.05,13,2018
27077,Minnesota,Lake of the Woods,0,49,-0.04,46,0.05,61,0.32,87,0.02,53,-0.12,2,2018
27079,Minnesota,Le Sueur,-0.12,38,-0.41,7,0.04,56,-0.03,36,-0.1,30,0.03,63,2018
27081,Minnesota,Lincoln,0.46,77,-0.51,5,-0.15,13,0.05,59,-0.07,37,-0.05,15,2018
27083,Minnesota,Lyon,-0.27,26,-0.05,41,0.03,54,-0.12,8,-0.08,33,-0.03,23,2018
27085,Minnesota,McLeod,-0.06,43,-0.3,18,-0.03,38,-0.02,42,-0.14,21,0.03,58,2018
27087,Minnesota,Mahnomen,1.5,87,1.18,87,0.62,87,0.26,86,0.81,87,-0.02,38,2018
27089,Minnesota,Marshall,-0.58,6,-0.05,42,-0.1,21,0.08,67,0.03,56,-0.07,8,2018
27091,Minnesota,Martin,0,51,0,50,-0.07,30,0.08,63,0.09,66,0.06,74,2018
27093,Minnesota,Meeker,-0.26,28,-0.2,23,-0.05,33,0.02,50,-0.15,20,0.03,61,2018
27095,Minnesota,Mille Lacs,0.69,80,0.4,78,0.28,84,0.08,64,0.22,76,0.04,64,2018
27097,Minnesota,Morrison,-0.21,32,-0.11,30,0.05,60,-0.01,43,0.12,70,0.01,52,2018
27099,Minnesota,Mower,-0.19,34,0.23,71,0.07,64,0.05,60,0.09,65,0.02,55,2018
27101,Minnesota,Murray,0.1,57,0.06,55,-0.1,20,0.04,56,-0.08,32,-0.05,16,2018
27103,Minnesota,Nicollet,-0.68,4,-0.25,20,-0.15,12,-0.15,6,-0.35,6,-0.02,35,2018
27105,Minnesota,Nobles,-0.36,20,-0.1,33,0.1,70,0.12,75,0.15,71,-0.02,37,2018
27107,Minnesota,Norman,0.42,74,0.48,80,0.1,71,-0.05,30,0.08,64,-0.04,19,2018
27109,Minnesota,Olmsted,-0.49,12,-0.18,26,-0.2,9,-0.37,1,-0.24,12,-0.04,21,2018
27111,Minnesota,Otter Tail,0.08,56,-0.09,37,-0.13,17,-0.03,39,-0.01,46,-0.03,27,2018
27113,Minnesota,Pennington,0.24,65,-0.04,44,-0.04,35,0.04,54,0.06,59,-0.07,10,2018
27115,Minnesota,Pine,0.26,66,0.38,76,0.32,85,0.17,83,0.35,79,0.09,84,2018
27117,Minnesota,Pipestone,0.34,69,-0.38,13,-0.04,36,0.04,58,-0.03,43,-0.03,24,2018
27119,Minnesota,Polk,0.49,78,0.12,64,0.21,82,0.04,55,0.11,68,0.06,72,2018
27121,Minnesota,Pope,0.1,59,-0.12,29,-0.12,18,0.08,66,-0.27,11,-0.02,30,2018
27123,Minnesota,Ramsey,-0.01,46,0.32,73,-0.15,14,-0.07,23,0.19,72,0.08,81,2018
27125,Minnesota,Red Lake,-0.13,37,-0.76,1,0.09,68,0.15,81,0.09,67,-0.07,11,2018
27127,Minnesota,Redwood,0.94,83,0.16,65,0.09,67,0.13,78,-0.04,41,-0.06,12,2018
27129,Minnesota,Renville,0.1,58,0.09,60,-0.09,25,0.1,72,0.01,50,-0.01,42,2018
27131,Minnesota,Rice,-0.47,14,0,51,-0.06,32,-0.08,22,-0.04,40,0.07,80,2018
27133,Minnesota,Rock,-0.02,45,-0.03,48,-0.21,5,0.02,52,-0.22,16,-0.02,31,2018
27135,Minnesota,Roseau,0.28,68,-0.34,15,-0.01,42,0.04,57,-0.1,31,-0.09,5,2018
27137,Minnesota,St. Louis,0.27,67,0.38,77,0.15,77,-0.12,13,0.19,74,0.05,66,2018
27139,Minnesota,Scott,-0.74,3,-0.4,8,-0.33,2,-0.05,32,-0.38,3,0.05,67,2018
27141,Minnesota,Sherburne,-0.29,24,-0.38,12,-0.14,16,-0.08,20,-0.32,7,0.07,78,2018
27143,Minnesota,Sibley,-0.13,36,-0.4,9,-0.01,43,0.11,73,-0.04,42,0,48,2018
27145,Minnesota,Stearns,-0.37,19,0.08,58,-0.06,31,-0.15,5,-0.12,25,0.02,54,2018
27147,Minnesota,Steele,-0.28,25,-0.03,47,-0.07,29,-0.12,12,-0.12,26,0.11,85,2018
27149,Minnesota,Stevens,-0.88,1,-0.1,35,-0.01,45,0.09,69,-0.35,5,-0.05,18,2018
27151,Minnesota,Swift,-0.47,15,-0.29,19,0.14,73,-0.01,45,0.03,54,-0.05,17,2018
27153,Minnesota,Todd,-0.11,40,-0.04,45,0.18,79,0.12,77,0.12,69,-0.01,41,2018
27155,Minnesota,Traverse,0,49,-0.18,27,0.01,51,0.01,49,-0.08,34,-0.09,6,2018
27157,Minnesota,Wabasha,-0.44,17,-0.34,16,-0.07,28,-0.14,7,-0.23,15,-0.01,40,2018
27159,Minnesota,Wadena,0.87,82,0.52,81,0.02,52,0.09,70,0.21,75,-0.02,36,2018
27161,Minnesota,Waseca,-0.58,5,-0.07,40,0.05,59,-0.07,24,-0.07,35,0,50,2018
27163,Minnesota,Washington,-0.57,7,-0.56,2,-0.33,3,-0.21,2,-0.41,2,0.06,77,2018
27165,Minnesota,Watonwan,0.07,55,-0.09,36,-0.02,39,0.12,76,0.19,73,-0.04,22,2018
27167,Minnesota,Wilkin,0.19,63,-0.21,22,-0.04,37,0.08,65,-0.24,14,-0.05,14,2018
27169,Minnesota,Winona,-0.1,41,-0.1,34,0.04,57,-0.04,35,-0.14,22,0.08,82,2018
27171,Minnesota,Wright,-0.49,13,-0.36,14,-0.1,23,-0.05,31,-0.37,4,0.06,76,2018
27173,Minnesota,Yellow Medicine,0,52,0.1,63,-0.02,41,0.11,74,-0.13,24,-0.07,9,2018
27001,Minnesota,Aitkin,0.82,83,0.3,73,-0.04,42,0.17,84,0.35,81,0,43,2019
27003,Minnesota,Anoka,-0.28,25,-0.22,24,-0.04,39,0.01,47,-0.18,17,0.06,79,2019
27005,Minnesota,Becker,0.11,63,0.25,68,0.17,77,0.02,49,0.07,61,0.09,84,2019
27007,Minnesota,Beltrami,0.65,81,0.7,84,0.43,86,0.06,65,0.54,85,-0.02,26,2019
27009,Minnesota,Benton,-0.11,39,0.14,64,0.07,63,0.03,52,-0.04,42,0.03,67,2019
27011,Minnesota,Big Stone,-0.36,19,-0.04,43,-0.05,36,0,45,0.03,53,-0.04,17,2019
27013,Minnesota,Blue Earth,-0.13,38,0.35,76,0.2,78,-0.1,18,-0.11,31,0.05,74,2019
27015,Minnesota,Brown,-0.37,17,-0.34,17,-0.16,12,-0.2,2,-0.15,24,-0.01,36,2019
27017,Minnesota,Carlton,0.22,67,0.33,74,0.11,71,0.05,62,0.02,52,0.02,62,2019
27019,Minnesota,Carver,-0.67,2,-0.57,2,-0.41,1,-0.04,31,-0.49,1,0.02,61,2019
27021,Minnesota,Cass,1.15,85,0.7,85,0.23,83,0.13,78,0.54,84,-0.01,38,2019
27023,Minnesota,Chippewa,-0.08,42,-0.28,22,0.09,64,-0.04,30,0.13,69,-0.05,16,2019
27025,Minnesota,Chisago,-0.24,28,-0.03,45,-0.01,48,0,41,-0.15,26,0.05,77,2019
27027,Minnesota,Clay,0.01,56,0.14,65,0.01,51,-0.04,32,-0.1,35,-0.01,40,2019
27029,Minnesota,Clearwater,0.62,80,0.39,80,0.15,75,0.15,81,0.6,86,-0.01,41,2019
27031,Minnesota,Cook,0,51,0.73,86,-0.04,43,-0.02,36,-0.09,36,-0.09,4,2019
27033,Minnesota,Cottonwood,0.06,59,0.1,59,0.12,72,-0.1,17,0.15,70,-0.01,34,2019
27035,Minnesota,Crow Wing,-0.07,44,0.02,54,0.1,69,-0.08,20,0.08,62,0,45,2019
27037,Minnesota,Dakota,-0.45,11,-0.11,34,-0.24,4,-0.1,19,-0.27,9,0.04,73,2019
27039,Minnesota,Dodge,-0.38,14,-0.52,3,-0.09,25,-0.03,34,-0.3,6,0,49,2019
27041,Minnesota,Douglas,0.05,58,0.01,53,-0.08,28,-0.11,14,-0.25,12,-0.02,28,2019
27043,Minnesota,Faribault,0.49,78,-0.11,33,-0.1,22,0.07,69,0.1,67,0.02,58,2019
27045,Minnesota,Fillmore,-0.19,36,-0.43,8,-0.18,10,0.03,53,-0.16,23,0.01,53,2019
27047,Minnesota,Freeborn,0.11,64,0.11,60,0.09,65,0.03,54,0.08,63,0.01,56,2019
27049,Minnesota,Goodhue,-0.25,27,-0.35,15,0.01,50,-0.05,29,-0.14,28,0.04,72,2019
27051,Minnesota,Grant,0.71,82,0.26,69,-0.03,44,-0.02,37,-0.22,15,-0.03,22,2019
27053,Minnesota,Hennepin,-0.26,26,0.07,57,-0.22,7,-0.11,12,0.04,55,0.04,71,2019
27055,Minnesota,Houston,-0.31,24,-0.29,21,-0.16,11,-0.19,3,-0.05,41,0.05,76,2019
27057,Minnesota,Hubbard,-0.04,47,0.12,61,0.14,73,0.05,63,0.28,76,-0.02,27,2019
27059,Minnesota,Isanti,-0.04,46,-0.11,35,0.06,59,-0.06,26,-0.02,46,0.05,78,2019
27061,Minnesota,Itasca,0.1,61,0.28,70,0.14,74,0,43,0.33,80,0.01,54,2019
27063,Minnesota,Jackson,-0.34,21,0.12,62,-0.06,34,-0.08,21,-0.25,11,-0.01,37,2019
27065,Minnesota,Kanabec,0.44,76,0.2,67,0.24,84,0.04,58,0.3,78,0.02,59,2019
27067,Minnesota,Kandiyohi,-0.24,29,-0.05,40,-0.12,18,-0.05,27,0.07,60,0,46,2019
27069,Minnesota,Kittson,0,51,-0.37,14,0.01,52,0.16,83,-0.15,27,-0.09,2,2019
27071,Minnesota,Koochiching,-0.1,40,0.63,83,0.07,62,0.09,70,0.5,83,-0.09,5,2019
27073,Minnesota,Lac qui Parle,-0.41,12,-0.45,6,-0.09,24,0.05,64,-0.16,21,-0.09,3,2019
27075,Minnesota,Lake,0.35,72,0,51,-0.13,17,-0.06,25,-0.17,18,-0.01,32,2019
27077,Minnesota,Lake of the Woods,0,51,-0.04,44,0.01,53,0.21,86,0.06,59,-0.07,6,2019
27079,Minnesota,Le Sueur,-0.18,37,-0.41,10,-0.04,40,-0.01,40,-0.05,40,0.12,86,2019
27081,Minnesota,Lincoln,0,51,-0.46,5,-0.21,8,0.05,60,-0.13,29,-0.06,10,2019
27083,Minnesota,Lyon,-0.19,35,-0.05,39,0.06,60,-0.11,11,-0.08,37,-0.04,20,2019
27085,Minnesota,McLeod,-0.34,20,-0.34,18,-0.02,46,-0.01,39,-0.15,25,0.01,51,2019
27087,Minnesota,Mahnomen,1.5,87,1.28,87,0.68,87,0.15,79,0.78,87,-0.01,33,2019
27089,Minnesota,Marshall,0,50,-0.15,30,-0.07,30,0,44,0.04,54,-0.05,13,2019
27091,Minnesota,Martin,-0.05,45,-0.03,46,-0.15,14,0.02,50,0.01,51,0,50,2019
27093,Minnesota,Meeker,-0.22,31,-0.3,20,-0.04,37,0.06,66,-0.11,32,0.01,52,2019
27095,Minnesota,Mille Lacs,0.46,77,0.38,77,0.22,82,0.1,74,0.32,79,0.02,60,2019
27097,Minnesota,Morrison,-0.21,33,-0.11,32,0.04,57,0.07,68,0.12,68,-0.01,39,2019
27099,Minnesota,Mower,-0.24,30,0.28,71,0.04,56,0,42,0.09,66,0.03,65,2019
27101,Minnesota,Murray,0.05,57,-0.02,49,-0.1,23,-0.01,38,-0.17,19,-0.03,21,2019
27103,Minnesota,Nicollet,-0.68,1,-0.35,16,-0.21,9,-0.13,7,-0.27,8,-0.02,29,2019
27105,Minnesota,Nobles,-0.51,9,-0.16,27,0.1,68,0.02,51,0.27,75,0.01,55,2019
27107,Minnesota,Norman,0.84,84,0.52,82,0.11,70,0.03,56,0.09,65,-0.05,15,2019
27109,Minnesota,Olmsted,-0.47,10,-0.24,23,-0.22,5,-0.37,1,-0.23,13,-0.03,24,2019
27111,Minnesota,Otter Tail,-0.09,41,-0.16,29,-0.11,20,0.05,59,-0.01,48,-0.02,25,2019
27113,Minnesota,Pennington,0.1,62,-0.05,42,-0.07,31,-0.06,24,0.15,71,0.03,64,2019
27115,Minnesota,Pine,0.51,79,0.38,78,0.33,85,0.16,82,0.39,82,0.03,66,2019
27117,Minnesota,Pipestone,0.29,70,-0.32,19,-0.03,45,0.02,48,-0.04,44,-0.01,35,2019
27119,Minnesota,Polk,0.35,71,0.13,63,0.2,79,0.01,46,0.05,57,0.09,83,2019
27121,Minnesota,Pope,-0.33,22,0.03,55,-0.14,16,0.09,72,-0.26,10,-0.04,19,2019
27123,Minnesota,Ramsey,-0.03,48,0.34,75,-0.15,15,-0.07,22,0.21,73,0.08,82,2019
27125,Minnesota,Red Lake,0.12,65,-0.16,28,0.09,67,0.13,77,0.09,64,-0.06,12,2019
27127,Minnesota,Redwood,0.42,75,0.17,66,0.07,61,0.1,76,-0.01,47,-0.05,14,2019
27129,Minnesota,Renville,0.06,60,0.28,72,-0.04,38,0.09,73,0,50,-0.02,30,2019
27131,Minnesota,Rice,-0.4,13,-0.05,41,-0.07,29,-0.07,23,0.05,58,0,48,2019
27133,Minnesota,Rock,-0.37,15,0,52,-0.22,6,-0.1,16,-0.23,14,0.02,63,2019
27135,Minnesota,Roseau,-0.02,49,-0.39,12,-0.04,41,0.15,80,-0.04,43,-0.06,9,2019
27137,Minnesota,St. Louis,0.26,69,0.39,79,0.16,76,-0.14,6,0.16,72,0.11,85,2019
27139,Minnesota,Scott,-0.55,4,-0.42,9,-0.28,3,-0.05,28,-0.39,4,0.03,68,2019
27141,Minnesota,Sherburne,-0.37,16,-0.46,4,-0.15,13,-0.03,35,-0.28,7,0.04,70,2019
27143,Minnesota,Sibley,-0.2,34,-0.44,7,-0.08,27,0.17,85,-0.12,30,0,44,2019
27145,Minnesota,Stearns,-0.32,23,0.09,58,-0.06,35,-0.11,13,-0.11,33,0,42,2019
27147,Minnesota,Steele,-0.36,18,-0.02,50,-0.12,19,-0.14,5,-0.1,34,0.05,75,2019
27149,Minnesota,Stevens,-0.54,6,-0.18,26,-0.06,32,-0.11,10,-0.41,2,-0.04,18,2019
27151,Minnesota,Swift,0.41,74,-0.2,25,0.2,80,0.04,57,-0.01,49,-0.06,11,2019
27153,Minnesota,Todd,-0.21,32,-0.07,37,0.2,81,0.32,87,0.04,56,-0.02,31,2019
27155,Minnesota,Traverse,0,51,-0.08,36,0.04,55,0.09,71,-0.07,38,-0.1,1,2019
27157,Minnesota,Wabasha,-0.55,3,-0.38,13,-0.06,33,-0.12,8,-0.19,16,0.02,57,2019
27159,Minnesota,Wadena,1.29,86,0.48,81,0.09,66,0.1,75,0.3,77,0.06,80,2019
27161,Minnesota,Waseca,-0.52,8,-0.12,31,0.05,58,0.06,67,-0.03,45,0,47,2019
27163,Minnesota,Washington,-0.52,7,-0.59,1,-0.36,2,-0.17,4,-0.4,3,0.07,81,2019
27165,Minnesota,Watonwan,0.36,73,-0.03,48,-0.02,47,0.03,55,0.21,74,-0.03,23,2019
27167,Minnesota,Wilkin,0.16,66,-0.06,38,-0.08,26,-0.12,9,-0.17,20,-0.06,8,2019
27169,Minnesota,Winona,-0.07,43,-0.03,47,-0.01,49,-0.11,15,-0.16,22,0.14,87,2019
27171,Minnesota,Wright,-0.55,5,-0.4,11,-0.11,21,-0.03,33,-0.32,5,0.04,69,2019
27173,Minnesota,Yellow Medicine,0.22,68,0.06,56,0.02,54,0.05,61,-0.06,39,-0.07,7,2019
27001,Minnesota,Aitkin,1.01,85,0.43,77,-0.04,33,0.13,76,0.46,82,0,49,2020
27003,Minnesota,Anoka,-0.25,28,0.03,53,-0.09,22,0,44,-0.21,15,0.12,87,2020
27005,Minnesota,Becker,0.11,63,0.05,54,0.13,74,0.02,50,0.04,56,0.07,78,2020
27007,Minnesota,Beltrami,0.63,81,0.67,83,0.39,86,0.07,68,0.54,86,-0.03,24,2020
27009,Minnesota,Benton,-0.05,47,0.18,64,0.11,72,0.04,59,-0.02,43,0.02,64,2020
27011,Minnesota,Big Stone,0,50,0.1,58,0.01,53,-0.01,41,0.08,62,-0.06,12,2020
27013,Minnesota,Blue Earth,-0.19,31,0.37,74,0.17,79,-0.1,18,-0.17,19,0.05,73,2020
27015,Minnesota,Brown,-0.15,36,-0.35,12,-0.16,11,-0.2,2,-0.13,29,-0.02,33,2020
27017,Minnesota,Carlton,0.06,61,-0.04,48,0.25,83,0.03,52,0.03,54,0.02,60,2020
27019,Minnesota,Carver,-0.62,2,-0.62,2,-0.37,2,-0.06,29,-0.52,1,0.02,61,2020
27021,Minnesota,Cass,1.05,86,0.71,85,0.14,76,0.15,79,0.54,85,-0.01,38,2020
27023,Minnesota,Chippewa,-0.2,30,-0.18,29,0.06,62,-0.06,28,0.02,52,-0.06,10,2020
27025,Minnesota,Chisago,-0.31,21,-0.17,30,-0.06,30,0,43,-0.14,28,0.1,83,2020
27027,Minnesota,Clay,-0.19,33,0.08,57,-0.02,43,-0.03,32,-0.06,37,0,45,2020
27029,Minnesota,Clearwater,0.47,78,0.32,72,0.25,84,0.1,72,0.52,83,-0.01,36,2020
27031,Minnesota,Cook,0,50,0.75,86,-0.1,21,-0.02,35,-0.15,27,-0.07,7,2020
27033,Minnesota,Cottonwood,-0.28,23,0.28,68,0.1,70,-0.07,25,-0.02,44,0,44,2020
27035,Minnesota,Crow Wing,-0.04,49,-0.13,38,0.06,63,-0.11,15,0.14,71,-0.01,37,2020
27037,Minnesota,Dakota,-0.45,7,-0.21,24,-0.17,10,-0.11,16,-0.27,9,0.11,85,2020
27039,Minnesota,Dodge,-0.25,27,-0.5,6,0.02,54,-0.11,17,-0.26,10,0,51,2020
27041,Minnesota,Douglas,-0.11,40,-0.05,47,-0.09,25,-0.17,3,-0.22,14,-0.02,32,2020
27043,Minnesota,Faribault,0.4,77,-0.15,36,-0.07,28,0.11,74,0.1,66,0.01,55,2020
27045,Minnesota,Fillmore,-0.13,38,-0.39,11,-0.09,23,0.01,47,-0.15,25,0.02,62,2020
27047,Minnesota,Freeborn,0.15,65,0.11,61,0.08,66,0.07,69,0.08,61,0.01,57,2020
27049,Minnesota,Goodhue,-0.19,32,-0.18,28,-0.02,42,-0.01,37,-0.16,22,0.05,71,2020
27051,Minnesota,Grant,0.57,79,0.29,70,0,51,0.05,62,-0.16,24,-0.04,18,2020
27053,Minnesota,Hennepin,-0.26,25,-0.11,40,-0.24,5,-0.11,13,-0.02,45,0.11,84,2020
27055,Minnesota,Houston,-0.41,12,-0.34,14,-0.18,8,-0.15,6,-0.13,32,0.05,70,2020
27057,Minnesota,Hubbard,0.09,62,-0.01,51,-0.02,40,0.05,63,0.37,80,-0.02,30,2020
27059,Minnesota,Isanti,0.11,64,-0.2,26,0.01,52,-0.01,38,-0.03,42,0.05,74,2020
27061,Minnesota,Itasca,0.04,59,0.46,78,0.09,67,-0.01,39,0.28,76,0.01,58,2020
27063,Minnesota,Jackson,-0.32,18,0.21,66,-0.08,26,-0.07,24,-0.23,12,-0.02,29,2020
27065,Minnesota,Kanabec,0.36,75,0.12,62,0.23,82,0.03,54,0.35,79,0,50,2020
27067,Minnesota,Kandiyohi,-0.11,39,-0.04,49,-0.03,38,-0.01,36,0.14,70,0.07,77,2020
27069,Minnesota,Kittson,0,50,-0.32,16,0.03,57,0.21,85,-0.2,16,-0.09,4,2020
27071,Minnesota,Koochiching,0.31,71,0.7,84,0,49,0.11,75,0.53,84,-0.1,3,2020
27073,Minnesota,Lac qui Parle,-0.33,17,-0.32,15,-0.05,31,0.14,78,-0.11,35,-0.1,2,2020
27075,Minnesota,Lake,0.33,73,-0.14,37,-0.12,16,-0.09,20,-0.2,17,-0.02,27,2020
27077,Minnesota,Lake of the Woods,0,50,0.01,52,-0.04,32,0.15,80,0.01,50,-0.08,6,2020
27079,Minnesota,Le Sueur,-0.39,14,-0.4,10,-0.06,29,-0.01,40,-0.05,41,0.04,69,2020
27081,Minnesota,Lincoln,0,50,-0.35,13,-0.21,6,0.06,66,-0.11,34,-0.08,5,2020
27083,Minnesota,Lyon,-0.44,9,-0.01,50,-0.04,36,-0.11,12,-0.05,40,-0.03,22,2020
27085,Minnesota,McLeod,-0.43,10,-0.15,35,-0.04,34,-0.05,31,-0.12,33,0,48,2020
27087,Minnesota,Mahnomen,1.5,87,1.32,87,0.63,87,0.23,86,0.8,87,-0.02,31,2020
27089,Minnesota,Marshall,0.19,68,-0.11,39,-0.01,48,0.03,51,0,47,-0.05,16,2020
27091,Minnesota,Martin,-0.08,45,-0.25,22,-0.08,27,0.02,49,0.06,59,0.01,53,2020
27093,Minnesota,Meeker,-0.26,26,-0.25,23,-0.01,46,0.02,48,-0.13,31,-0.01,43,2020
27095,Minnesota,Mille Lacs,0.69,83,0.55,82,0.16,78,0.13,77,0.38,81,0.01,59,2020
27097,Minnesota,Morrison,-0.09,43,-0.07,44,0.03,59,0.11,73,0.11,67,-0.01,40,2020
27099,Minnesota,Mower,-0.13,37,0.28,69,-0.01,47,0.03,53,0.09,63,0.01,56,2020
27101,Minnesota,Murray,-0.28,24,-0.29,20,-0.12,18,0.04,60,-0.17,20,-0.03,21,2020
27103,Minnesota,Nicollet,-0.63,1,-0.31,18,-0.17,9,-0.16,5,-0.34,6,-0.01,39,2020
27105,Minnesota,Nobles,-0.31,20,0.1,60,0.09,68,0.03,56,0.16,73,-0.01,35,2020
27107,Minnesota,Norman,0.63,80,0.31,71,0.12,73,0.04,58,0.15,72,-0.05,14,2020
27109,Minnesota,Olmsted,-0.42,11,-0.3,19,-0.29,3,-0.39,1,-0.27,8,-0.03,25,2020
27111,Minnesota,Otter Tail,-0.11,41,-0.31,17,-0.15,13,0.06,67,0,46,-0.02,26,2020
27113,Minnesota,Pennington,0,57,-0.17,32,-0.13,15,-0.11,14,0.05,57,0.01,52,2020
27115,Minnesota,Pine,0.36,76,0.53,81,0.34,85,0.17,83,0.33,78,0.09,81,2020
27117,Minnesota,Pipestone,0.31,72,-0.16,33,0,50,0.06,64,0.01,49,-0.01,41,2020
27119,Minnesota,Polk,0.16,67,0.06,55,0.16,77,-0.02,33,0.12,69,0.06,76,2020
27121,Minnesota,Pope,-0.16,35,-0.09,42,-0.16,12,-0.01,42,-0.3,7,-0.04,17,2020
27123,Minnesota,Ramsey,-0.04,48,0.51,80,-0.1,20,-0.07,27,0.24,75,0.07,79,2020
27125,Minnesota,Red Lake,0,50,-0.64,1,0.22,81,0.06,65,0.09,65,-0.06,11,2020
27127,Minnesota,Redwood,0.16,66,0.42,75,0.03,55,0.05,61,0,48,-0.06,13,2020
27129,Minnesota,Renville,0.04,60,0.47,79,0.03,58,0.03,55,0.04,55,-0.01,34,2020
27131,Minnesota,Rice,-0.34,16,-0.28,21,-0.12,17,-0.08,21,0.03,53,0.07,80,2020
27133,Minnesota,Rock,-0.08,44,0.08,56,-0.2,7,-0.15,7,-0.17,18,0.03,66,2020
27135,Minnesota,Roseau,0.03,58,-0.16,34,0.05,60,0.19,84,-0.16,21,0,47,2020
27137,Minnesota,St. Louis,0.2,69,0.42,76,0.11,71,-0.11,10,0.12,68,0.02,63,2020
27139,Minnesota,Scott,-0.52,5,-0.46,7,-0.24,4,-0.07,26,-0.36,4,0.1,82,2020
27141,Minnesota,Sherburne,-0.4,13,-0.4,9,-0.04,35,-0.02,34,-0.26,11,0.03,67,2020
27143,Minnesota,Sibley,-0.22,29,-0.55,4,0.03,56,0.16,82,-0.13,30,-0.01,42,2020
27145,Minnesota,Stearns,-0.3,22,0.13,63,-0.03,37,-0.09,19,-0.05,39,0,46,2020
27147,Minnesota,Steele,-0.31,19,-0.09,41,-0.11,19,-0.11,11,-0.05,38,0.05,72,2020
27149,Minnesota,Stevens,-0.57,3,-0.19,27,-0.13,14,-0.08,23,-0.37,3,-0.04,19,2020
27151,Minnesota,Swift,0.68,82,-0.21,25,0.17,80,0.1,71,0.09,64,-0.06,8,2020
27153,Minnesota,Todd,-0.18,34,-0.07,45,0.09,69,0.3,87,0.07,60,-0.02,28,2020
27155,Minnesota,Traverse,0,50,-0.06,46,0.06,61,0.09,70,0.02,51,-0.1,1,2020
27157,Minnesota,Wabasha,-0.52,4,-0.45,8,-0.02,44,-0.14,8,-0.23,13,0.01,54,2020
27159,Minnesota,Wadena,0.93,84,0.37,73,0.13,75,0.16,81,0.3,77,-0.04,20,2020
27161,Minnesota,Waseca,-0.39,15,-0.08,43,-0.03,39,0.01,46,0.06,58,0.02,65,2020
27163,Minnesota,Washington,-0.44,8,-0.56,3,-0.39,1,-0.16,4,-0.42,2,0.06,75,2020
27165,Minnesota,Watonwan,0.34,74,0.2,65,0.07,65,0.04,57,0.17,74,-0.03,23,2020
27167,Minnesota,Wilkin,0.22,70,-0.17,31,-0.02,41,-0.12,9,-0.15,26,-0.05,15,2020
27169,Minnesota,Winona,-0.1,42,0.26,67,-0.02,45,-0.08,22,-0.16,23,0.11,86,2020
27171,Minnesota,Wright,-0.49,6,-0.53,5,-0.09,24,-0.05,30,-0.34,5,0.03,68,2020
27173,Minnesota,Yellow Medicine,-0.07,46,0.1,59,0.07,64,0.01,45,-0.07,36,-0.06,9,2020
27001,Minnesota,Aitkin,0.58,80,-0.01,47,0.05,54,0.11,72,0.51,85,0.02,58,2021
27003,Minnesota,Anoka,-0.27,23,-0.02,42,-0.14,17,0.04,55,-0.24,14,0.09,84,2021
27005,Minnesota,Becker,0.29,75,0.18,63,0.13,73,0.05,58,0.03,50,0,42,2021
27007,Minnesota,Beltrami,0.75,84,0.47,82,0.23,82,0.07,68,0.39,81,-0.05,11,2021
27009,Minnesota,Benton,-0.1,39,0.16,60,0.02,42,0.07,67,-0.04,41,0.05,73,2021
27011,Minnesota,Big Stone,0,51,0.3,74,0.13,74,-0.08,17,0.05,54,-0.02,29,2021
27013,Minnesota,Blue Earth,-0.28,22,0.23,68,0.02,40,-0.12,8,-0.17,27,0.06,78,2021
27015,Minnesota,Brown,0.11,64,-0.16,28,0.06,57,-0.21,2,-0.23,15,0.01,50,2021
27017,Minnesota,Carlton,-0.05,45,0.21,65,0.1,66,0.03,50,-0.03,43,0,39,2021
27019,Minnesota,Carver,-0.65,1,-0.88,1,-0.47,1,-0.07,22,-0.51,1,0.02,60,2021
27021,Minnesota,Cass,1.04,86,0.44,80,0.23,81,0.17,82,0.4,82,-0.02,30,2021
27023,Minnesota,Chippewa,-0.06,44,-0.08,38,0.1,65,-0.07,25,0.08,61,-0.05,14,2021
27025,Minnesota,Chisago,-0.35,14,-0.06,40,-0.13,18,-0.03,39,-0.22,17,0.03,62,2021
27027,Minnesota,Clay,-0.22,28,0.03,51,-0.23,9,-0.05,34,-0.19,19,-0.01,38,2021
27029,Minnesota,Clearwater,0.65,83,0.11,58,0.27,85,0.17,81,0.61,86,0.01,48,2021
27031,Minnesota,Cook,0,51,0.33,77,-0.24,8,-0.04,38,-0.17,26,-0.09,3,2021
27033,Minnesota,Cottonwood,-0.08,42,0.19,64,0.11,70,-0.02,42,0.08,59,0.04,72,2021
27035,Minnesota,Crow Wing,-0.01,50,-0.12,34,-0.02,34,-0.08,21,0.07,56,0,40,2021
27037,Minnesota,Dakota,-0.46,6,-0.27,18,-0.36,5,-0.09,16,-0.3,8,0.02,54,2021
27039,Minnesota,Dodge,-0.09,40,-0.47,7,0.03,44,-0.04,37,-0.25,13,-0.01,33,2021
27041,Minnesota,Douglas,-0.13,38,-0.18,25,-0.04,31,-0.15,6,-0.31,7,-0.01,35,2021
27043,Minnesota,Faribault,0.46,78,0.09,55,0.05,50,0.04,57,0.06,55,0.01,52,2021
27045,Minnesota,Fillmore,-0.14,34,-0.31,17,-0.08,24,0.03,52,-0.13,31,0,43,2021
27047,Minnesota,Freeborn,-0.18,30,0.24,69,0.06,56,0.06,62,0.09,64,0.08,82,2021
27049,Minnesota,Goodhue,-0.08,41,-0.13,31,-0.13,19,-0.07,26,-0.19,21,0.1,86,2021
27051,Minnesota,Grant,0.11,65,0.36,79,0.05,52,0.06,64,-0.06,38,0.03,65,2021
27053,Minnesota,Hennepin,-0.25,25,-0.02,43,-0.38,3,-0.09,14,-0.06,37,0.09,85,2021
27055,Minnesota,Houston,-0.42,11,-0.55,5,-0.17,14,-0.14,7,-0.26,11,0.02,57,2021
27057,Minnesota,Hubbard,-0.03,48,-0.08,36,0.04,48,0.12,75,0.23,74,-0.03,20,2021
27059,Minnesota,Isanti,0.07,60,0.06,53,-0.03,33,-0.04,36,-0.04,42,0.06,79,2021
27061,Minnesota,Itasca,0.18,71,0.29,72,0.1,63,-0.06,30,0.26,75,-0.03,24,2021
27063,Minnesota,Jackson,-0.25,26,0.06,54,0.05,53,-0.09,12,-0.18,24,-0.03,25,2021
27065,Minnesota,Kanabec,0.16,68,0.32,75,0.11,67,0.06,61,0.31,76,0.01,47,2021
27067,Minnesota,Kandiyohi,-0.19,29,-0.12,33,-0.09,23,-0.01,43,0.09,65,0.06,76,2021
27069,Minnesota,Kittson,0,51,-0.35,12,0.11,68,0.13,78,-0.18,23,-0.09,6,2021
27071,Minnesota,Koochiching,0.17,70,0.45,81,0.11,69,0.09,71,0.45,84,-0.09,4,2021
27073,Minnesota,Lac qui Parle,-0.14,36,-0.37,11,0.05,51,0.09,70,-0.08,33,-0.08,7,2021
27075,Minnesota,Lake,0.05,59,-0.33,15,-0.11,22,-0.1,11,-0.13,30,-0.1,2,2021
27077,Minnesota,Lake of the Woods,0,51,-0.31,16,-0.03,32,0.11,73,0.1,66,-0.1,1,2021
27079,Minnesota,Le Sueur,-0.45,7,-0.27,20,-0.05,30,0.02,47,-0.08,35,0.03,67,2021
27081,Minnesota,Lincoln,0,51,-0.23,21,-0.07,25,0.05,59,-0.02,45,-0.09,5,2021
27083,Minnesota,Lyon,-0.35,13,-0.1,35,-0.07,26,-0.15,5,-0.08,34,-0.07,8,2021
27085,Minnesota,McLeod,-0.38,12,-0.07,39,0.09,61,-0.02,41,-0.17,25,0.01,49,2021
27087,Minnesota,Mahnomen,1.5,87,1.26,87,0.59,87,0.24,86,0.72,87,-0.02,31,2021
27089,Minnesota,Marshall,0.16,69,-0.15,30,0.2,80,0.11,74,0.07,58,-0.04,18,2021
27091,Minnesota,Martin,-0.02,49,0,48,0.02,41,-0.07,27,0.07,57,0,45,2021
27093,Minnesota,Meeker,-0.42,10,-0.22,22,0.01,39,0.07,66,-0.12,32,0,44,2021
27095,Minnesota,Mille Lacs,0.64,82,0.62,86,0.16,76,0.13,79,0.37,79,0.02,61,2021
27097,Minnesota,Morrison,0.08,62,0.02,49,0.07,59,0.13,80,0.12,68,0,41,2021
27099,Minnesota,Mower,0.02,58,0.23,67,0.01,37,0.03,51,0.16,70,-0.01,37,2021
27101,Minnesota,Murray,-0.16,32,0.11,56,0.06,58,0.05,60,-0.07,36,-0.04,17,2021
27103,Minnesota,Nicollet,-0.55,3,-0.35,13,-0.21,10,-0.12,9,-0.26,12,-0.01,32,2021
27105,Minnesota,Nobles,-0.06,43,0.25,70,0.16,75,0.04,56,0.4,83,0.05,74,2021
27107,Minnesota,Norman,0.52,79,0.59,84,0.11,71,0.03,53,0.17,71,-0.06,9,2021
27109,Minnesota,Olmsted,-0.43,9,-0.64,2,-0.38,4,-0.4,1,-0.32,6,-0.06,10,2021
27111,Minnesota,Otter Tail,-0.13,37,-0.41,9,-0.06,28,0.02,49,0.03,49,0.03,63,2021
27113,Minnesota,Pennington,-0.04,47,-0.15,29,0.04,49,-0.07,23,0.04,51,-0.03,21,2021
27115,Minnesota,Pine,0.27,74,0.6,85,0.23,83,0.19,85,0.38,80,0.09,83,2021
27117,Minnesota,Pipestone,0.14,66,0.18,62,0.03,43,0.06,65,0.05,53,-0.02,28,2021
27119,Minnesota,Polk,0.08,63,-0.02,46,0.08,60,-0.05,32,0.09,62,0.07,80,2021
27121,Minnesota,Pope,-0.31,17,0.14,59,-0.11,21,0,46,-0.28,9,-0.03,23,2021
27123,Minnesota,Ramsey,-0.05,46,0.21,66,-0.21,11,-0.04,35,0.15,69,0.03,68,2021
27125,Minnesota,Red Lake,0,51,-0.02,44,0.18,79,-0.06,31,0.1,67,-0.03,26,2021
27127,Minnesota,Redwood,0.22,73,0.33,78,0.05,55,0.04,54,-0.01,46,-0.04,15,2021
27129,Minnesota,Renville,-0.17,31,0.53,83,0.12,72,0.08,69,0.09,63,0.05,75,2021
27131,Minnesota,Rice,-0.34,15,-0.21,23,-0.21,12,-0.09,15,-0.06,40,0.06,77,2021
27133,Minnesota,Rock,0.16,67,-0.04,41,-0.05,29,-0.18,3,-0.22,16,0.02,56,2021
27135,Minnesota,Roseau,0.07,61,-0.16,27,0.01,36,0.12,76,-0.19,22,0,46,2021
27137,Minnesota,St. Louis,0.19,72,0.28,71,0.04,47,-0.09,13,0.01,48,0.03,69,2021
27139,Minnesota,Scott,-0.62,2,-0.61,3,-0.36,6,-0.07,29,-0.4,3,0.01,51,2021
27141,Minnesota,Sherburne,-0.31,18,-0.4,10,-0.15,15,0,45,-0.27,10,0.03,66,2021
27143,Minnesota,Sibley,-0.28,21,-0.33,14,0.03,46,0.17,83,0.05,52,0.01,53,2021
27145,Minnesota,Stearns,-0.23,27,-0.08,37,-0.11,20,-0.07,24,-0.06,39,0.04,71,2021
27147,Minnesota,Steele,-0.32,16,0.03,50,-0.07,27,-0.1,10,-0.16,28,0.11,87,2021
27149,Minnesota,Stevens,-0.28,20,-0.18,26,-0.21,13,-0.08,20,-0.34,5,-0.03,22,2021
27151,Minnesota,Swift,0.88,85,0.16,61,0.28,86,0.13,77,0.18,72,-0.05,12,2021
27153,Minnesota,Todd,-0.14,35,0.04,52,0.18,78,0.34,87,0.23,73,-0.01,34,2021
27155,Minnesota,Traverse,0,51,-0.12,32,0.09,62,0.02,48,0.08,60,-0.04,16,2021
27157,Minnesota,Wabasha,-0.45,8,-0.47,8,0.01,38,-0.08,19,-0.14,29,-0.01,36,2021
27159,Minnesota,Wadena,0.62,81,0.33,76,0.25,84,0.18,84,0.35,78,-0.03,27,2021
27161,Minnesota,Waseca,-0.29,19,-0.19,24,-0.01,35,-0.07,28,-0.03,44,0.04,70,2021
27163,Minnesota,Washington,-0.47,5,-0.48,6,-0.44,2,-0.17,4,-0.43,2,0.02,55,2021
27165,Minnesota,Watonwan,0.33,76,0.3,73,0.1,64,0.06,63,0.35,77,0.07,81,2021
27167,Minnesota,Wilkin,0.41,77,-0.27,19,0.03,45,-0.03,40,-0.19,20,-0.05,13,2021
27169,Minnesota,Winona,-0.14,33,0.11,57,-0.14,16,-0.08,18,-0.2,18,0.02,59,2021
27171,Minnesota,Wright,-0.48,4,-0.56,4,-0.24,7,0,44,-0.36,4,0.03,64,2021
27173,Minnesota,Yellow Medicine,-0.26,24,-0.02,45,0.17,77,-0.05,33,0.01,47,-0.04,19,2021
27001,Minnesota,Aitkin,0.38,78,-0.07,39,0.05,54,0.22,83,0.39,83,0.01,56,2022
27003,Minnesota,Anoka,-0.23,25,-0.32,14,-0.15,12,-0.02,36,-0.12,30,0.03,68,2022
27005,Minnesota,Becker,0.36,76,0.19,65,0.09,66,-0.04,34,0.11,66,-0.04,15,2022
27007,Minnesota,Beltrami,1.21,86,0.53,83,0.25,84,0.08,72,0.37,80,-0.02,34,2022
27009,Minnesota,Benton,-0.12,40,0.08,56,0.07,63,0,44,-0.01,48,0.04,70,2022
27011,Minnesota,Big Stone,0,47,0.32,71,0.11,71,-0.13,10,-0.01,49,-0.03,32,2022
27013,Minnesota,Blue Earth,-0.22,27,0.08,57,0.03,42,-0.15,5,-0.09,37,0.05,72,2022
27015,Minnesota,Brown,-0.11,41,-0.16,32,0,37,-0.17,3,-0.22,15,-0.03,27,2022
27017,Minnesota,Carlton,-0.06,42,0,45,0.06,59,0.12,75,0.02,57,-0.04,17,2022
27019,Minnesota,Carver,-0.78,1,-0.87,1,-0.48,1,-0.14,6,-0.47,1,0.01,52,2022
27021,Minnesota,Cass,1.15,85,0.43,79,0.22,82,0.16,80,0.5,85,-0.02,35,2022
27023,Minnesota,Chippewa,0.2,66,0.07,54,0.04,47,-0.07,26,0.02,56,-0.03,23,2022
27025,Minnesota,Chisago,-0.42,9,-0.01,44,-0.01,36,-0.06,29,-0.15,23,0.02,62,2022
27027,Minnesota,Clay,-0.19,34,0.05,52,-0.11,16,-0.08,21,-0.23,13,0.01,54,2022
27029,Minnesota,Clearwater,0.61,83,0.14,63,0.37,86,0.18,82,0.67,86,0.02,63,2022
27031,Minnesota,Cook,0,47,0.11,61,-0.11,17,0.13,76,0,50,-0.09,3,2022
27033,Minnesota,Cottonwood,-0.01,45,0.24,68,-0.08,26,-0.01,40,0.06,61,-0.03,31,2022
27035,Minnesota,Crow Wing,0.03,57,-0.1,36,0.02,41,-0.11,15,0.1,64,-0.04,13,2022
27037,Minnesota,Dakota,-0.49,7,-0.48,6,-0.38,6,-0.12,12,-0.19,18,0.07,78,2022
27039,Minnesota,Dodge,-0.18,36,-0.48,7,-0.18,10,-0.02,38,-0.24,9,-0.01,42,2022
27041,Minnesota,Douglas,-0.18,35,-0.17,28,-0.09,21,-0.23,2,-0.28,6,0,46,2022
27043,Minnesota,Faribault,0.47,81,0.1,60,0.1,69,0.01,49,0.02,55,0.01,55,2022
27045,Minnesota,Fillmore,-0.14,39,-0.32,15,0.02,40,0,47,-0.14,26,0.02,65,2022
27047,Minnesota,Freeborn,-0.2,30,0.34,75,0.07,62,0.02,52,0.17,71,0.08,82,2022
27049,Minnesota,Goodhue,0.08,58,-0.18,25,-0.08,25,0.01,48,-0.09,36,0.12,87,2022
27051,Minnesota,Grant,0.32,74,0.44,80,0.07,61,-0.01,39,-0.14,27,-0.04,22,2022
27053,Minnesota,Hennepin,-0.21,28,-0.23,21,-0.46,2,-0.14,7,0.09,63,0.02,60,2022
27055,Minnesota,Houston,-0.51,5,-0.4,9,-0.13,15,-0.14,8,-0.29,5,0.02,64,2022
27057,Minnesota,Hubbard,0.18,65,0.04,51,0.06,60,0.04,61,0.15,70,-0.02,36,2022
27059,Minnesota,Isanti,0.01,56,-0.09,37,-0.02,34,-0.01,42,0.03,59,0.05,75,2022
27061,Minnesota,Itasca,0.4,80,0.34,74,0.12,72,0.07,69,0.25,77,0,50,2022
27063,Minnesota,Jackson,-0.41,12,-0.05,42,0.02,39,0,46,-0.24,10,-0.04,14,2022
27065,Minnesota,Kanabec,0.11,61,0.29,69,0.19,79,0.15,78,0.23,74,0,49,2022
27067,Minnesota,Kandiyohi,-0.22,26,0.01,46,-0.02,35,-0.07,27,0,51,0.06,77,2022
27069,Minnesota,Kittson,0,47,-0.32,16,0.09,65,0.02,50,-0.24,11,-0.07,6,2022
27071,Minnesota,Koochiching,0.33,75,0.52,82,0.08,64,0.24,85,0.25,76,-0.08,4,2022
27073,Minnesota,Lac qui Parle,-0.19,32,-0.25,20,0.05,57,0.07,68,-0.1,32,-0.08,5,2022
27075,Minnesota,Lake,-0.28,23,-0.34,13,-0.08,22,0.04,58,-0.03,44,-0.11,1,2022
27077,Minnesota,Lake of the Woods,0,47,-0.3,17,0.04,50,0.08,70,-0.08,38,-0.04,20,2022
27079,Minnesota,Le Sueur,-0.33,20,-0.2,23,-0.15,14,0.05,62,-0.09,35,0.1,84,2022
27081,Minnesota,Lincoln,0.29,72,-0.29,18,-0.05,30,0.06,64,-0.16,22,-0.1,2,2022
27083,Minnesota,Lyon,-0.21,29,-0.14,34,0.04,48,-0.07,23,-0.15,24,-0.04,12,2022
27085,Minnesota,McLeod,-0.42,10,0.03,49,0.03,43,0.03,57,-0.2,17,0.08,79,2022
27087,Minnesota,Mahnomen,1.5,87,1.26,87,0.64,87,0.16,81,0.97,87,-0.03,30,2022
27089,Minnesota,Marshall,0.08,59,-0.17,31,-0.06,28,0.03,55,-0.02,46,-0.04,21,2022
27091,Minnesota,Martin,-0.26,24,-0.02,43,0.1,67,-0.04,33,-0.05,41,-0.01,44,2022
27093,Minnesota,Meeker,-0.45,8,-0.17,27,0.04,46,0.16,79,-0.18,19,0,48,2022
27095,Minnesota,Mille Lacs,0.99,84,0.51,81,0.13,75,0.22,84,0.4,84,0.01,51,2022
27097,Minnesota,Morrison,0.13,62,-0.07,40,0.1,68,0,43,0.14,68,-0.01,43,2022
27099,Minnesota,Mower,0,55,0.29,70,0.04,49,0.03,56,0.15,69,0.01,58,2022
27101,Minnesota,Murray,-0.35,18,0.09,59,-0.07,27,0.02,53,-0.14,28,-0.05,10,2022
27103,Minnesota,Nicollet,-0.54,3,-0.26,19,-0.23,9,-0.13,9,-0.23,12,-0.03,28,2022
27105,Minnesota,Nobles,0.15,63,0.33,72,0.23,83,0.1,73,0.38,82,-0.03,25,2022
27107,Minnesota,Norman,0.21,68,0.69,86,0.11,70,0.03,54,0.17,72,-0.04,16,2022
27109,Minnesota,Olmsted,-0.39,14,-0.59,4,-0.43,4,-0.3,1,-0.22,14,-0.01,38,2022
27111,Minnesota,Otter Tail,0,53,-0.17,30,-0.03,32,-0.03,35,-0.1,34,0.05,76,2022
27113,Minnesota,Pennington,0,54,-0.18,26,0.04,45,-0.12,14,-0.03,45,-0.01,40,2022
27115,Minnesota,Pine,0.26,70,0.42,77,0.19,80,0.25,86,0.38,81,0.08,81,2022
27117,Minnesota,Pipestone,-0.14,38,0.33,73,0.05,56,0.08,71,-0.07,39,-0.03,26,2022
27119,Minnesota,Polk,-0.01,44,-0.12,35,0.05,58,-0.09,18,0.04,60,0.02,59,2022
27121,Minnesota,Pope,0.15,64,0.05,53,-0.1,18,-0.02,37,-0.27,8,-0.01,39,2022
27123,Minnesota,Ramsey,-0.01,43,0.13,62,-0.26,8,-0.09,20,0.33,79,0.05,71,2022
27125,Minnesota,Red Lake,0,47,0.39,76,0.19,78,-0.1,16,-0.05,40,-0.05,9,2022
27127,Minnesota,Redwood,-0.19,31,0.43,78,-0.04,31,0.06,63,-0.03,43,-0.06,8,2022
27129,Minnesota,Renville,0,46,0.56,84,0.05,53,0.06,65,0.02,58,0.05,74,2022
27131,Minnesota,Rice,-0.33,19,-0.19,24,-0.15,13,0.04,59,0.01,54,0.08,80,2022
27133,Minnesota,Rock,0.38,79,0.01,47,-0.09,19,-0.12,13,-0.18,21,-0.01,41,2022
27135,Minnesota,Roseau,0.36,77,-0.15,33,0.04,51,-0.07,24,-0.04,42,-0.05,11,2022
27137,Minnesota,St. Louis,0.28,71,0.21,66,0.05,55,-0.01,41,0.11,65,-0.03,29,2022
27139,Minnesota,Scott,-0.67,2,-0.58,5,-0.42,5,-0.07,25,-0.28,7,0.1,83,2022
27141,Minnesota,Sherburne,-0.37,16,-0.36,12,-0.17,11,-0.08,22,-0.18,20,0.03,66,2022
27143,Minnesota,Sibley,-0.19,33,-0.17,29,-0.05,29,0.29,87,-0.11,31,0.01,57,2022
27145,Minnesota,Stearns,-0.17,37,0.02,48,0.04,52,-0.1,17,0.01,53,0.05,73,2022
27147,Minnesota,Steele,-0.36,17,-0.08,38,0.04,44,-0.13,11,-0.1,33,0.12,86,2022
27149,Minnesota,Stevens,-0.29,22,-0.44,8,-0.08,24,0,45,-0.42,2,-0.04,19,2022
27151,Minnesota,Swift,0.51,82,0.23,67,0.22,81,0.06,66,0.11,67,-0.04,18,2022
27153,Minnesota,Todd,0.1,60,0.07,55,0.18,77,0.14,77,0.2,73,0,47,2022
27155,Minnesota,Traverse,0,47,-0.21,22,0.01,38,0.11,74,0.09,62,-0.06,7,2022
27157,Minnesota,Wabasha,-0.3,21,-0.39,11,-0.02,33,-0.04,32,-0.2,16,0.01,53,2022
27159,Minnesota,Wadena,0.31,73,0.57,85,0.3,85,0.04,60,0.23,75,-0.02,33,2022
27161,Minnesota,Waseca,-0.39,13,0.04,50,0.13,73,-0.09,19,0,52,0.04,69,2022
27163,Minnesota,Washington,-0.5,6,-0.64,2,-0.45,3,-0.15,4,-0.34,3,0.03,67,2022
27165,Minnesota,Watonwan,0.23,69,0.18,64,0.14,76,0.07,67,0.28,78,0,45,2022
27167,Minnesota,Wilkin,0.21,67,-0.4,10,-0.08,23,-0.05,31,-0.15,25,-0.03,24,2022
27169,Minnesota,Winona,-0.37,15,0.08,58,-0.09,20,-0.06,30,-0.13,29,0.11,85,2022
27171,Minnesota,Wright,-0.54,4,-0.62,3,-0.32,7,-0.06,28,-0.31,4,0.02,61,2022
27173,Minnesota,Yellow Medicine,-0.42,11,-0.06,41,0.13,74,0.02,51,-0.02,47,-0.01,37,2022
27001,Minnesota,Aitkin,0.38,78,0.06,55,0.17,78,0.14,79,0.46,84,0,43,2023
27003,Minnesota,Anoka,-0.23,25,-0.19,28,-0.21,9,-0.02,41,-0.2,20,0.02,57,2023
27005,Minnesota,Becker,0.36,76,0.11,61,0.14,72,-0.03,36,0.02,52,0.04,73,2023
27007,Minnesota,Beltrami,1.21,86,0.51,82,0.4,86,0.02,54,0.34,78,0.01,51,2023
27009,Minnesota,Benton,-0.12,40,0.1,58,0.05,52,-0.01,46,0.04,55,0.03,65,2023
27011,Minnesota,Big Stone,0,47,0.42,77,0.08,58,-0.16,3,0.13,65,-0.04,19,2023
27013,Minnesota,Blue Earth,-0.22,27,0.29,70,-0.09,23,-0.15,6,-0.18,21,0.04,72,2023
27015,Minnesota,Brown,-0.11,41,-0.19,30,-0.06,31,-0.15,5,-0.18,22,-0.03,25,2023
27017,Minnesota,Carlton,-0.06,42,0.2,65,0.1,67,0.12,77,0.07,60,-0.07,5,2023
27019,Minnesota,Carver,-0.78,1,-0.83,1,-0.54,1,-0.13,10,-0.54,1,-0.01,42,2023
27021,Minnesota,Cass,1.15,85,0.34,72,0.15,74,0.15,80,0.36,79,-0.06,9,2023
27023,Minnesota,Chippewa,0.2,66,0.04,52,0.14,73,-0.03,39,0,50,-0.02,31,2023
27025,Minnesota,Chisago,-0.42,9,-0.03,41,-0.16,12,-0.05,28,-0.18,23,0.08,84,2023
27027,Minnesota,Clay,-0.19,34,0.16,62,0.03,50,-0.04,30,-0.2,19,0.08,83,2023
27029,Minnesota,Clearwater,0.61,83,0.02,49,0.3,85,0.2,83,0.76,86,0.01,50,2023
27031,Minnesota,Cook,0,47,0.11,60,-0.16,11,0.18,82,0.05,56,-0.06,7,2023
27033,Minnesota,Cottonwood,-0.01,45,0.28,69,0.06,53,-0.03,35,0.06,58,-0.02,29,2023
27035,Minnesota,Crow Wing,0.03,57,-0.25,21,0.07,55,-0.08,18,0.09,63,-0.05,11,2023
27037,Minnesota,Dakota,-0.49,7,-0.31,14,-0.36,5,-0.09,16,-0.31,8,0.06,80,2023
27039,Minnesota,Dodge,-0.18,36,-0.56,4,-0.15,13,-0.03,37,-0.3,9,-0.01,41,2023
27041,Minnesota,Douglas,-0.18,35,-0.21,26,-0.12,17,-0.24,2,-0.3,10,-0.01,39,2023
27043,Minnesota,Faribault,0.47,81,0.1,59,0.07,56,-0.03,38,0.08,62,0.01,54,2023
27045,Minnesota,Fillmore,-0.14,39,-0.28,18,-0.01,43,0.03,57,-0.05,42,0.04,68,2023
27047,Minnesota,Freeborn,-0.2,30,0.25,68,0.08,60,0.01,52,0.2,71,0.08,85,2023
27049,Minnesota,Goodhue,0.08,58,-0.19,29,-0.11,19,-0.01,45,-0.14,28,0.06,79,2023
27051,Minnesota,Grant,0.32,74,0.43,78,0.06,54,0,49,-0.09,35,0.04,70,2023
27053,Minnesota,Hennepin,-0.21,28,-0.05,40,-0.38,3,-0.14,8,-0.1,32,0.02,58,2023
27055,Minnesota,Houston,-0.51,5,-0.43,9,-0.18,10,-0.1,14,-0.3,11,0.04,69,2023
27057,Minnesota,Hubbard,0.18,65,-0.09,37,-0.01,45,0.06,68,0.08,61,-0.02,26,2023
27059,Minnesota,Isanti,0.01,56,-0.01,44,-0.05,34,-0.04,33,0.06,59,0.04,71,2023
27061,Minnesota,Itasca,0.4,80,0.44,79,0.09,61,0.06,66,0.25,74,-0.01,36,2023
27063,Minnesota,Jackson,-0.41,12,0.01,47,-0.01,44,0,50,-0.14,27,-0.04,14,2023
27065,Minnesota,Kanabec,0.11,61,0.19,63,0.15,75,0.1,73,0.43,83,-0.01,35,2023
27067,Minnesota,Kandiyohi,-0.22,26,-0.18,31,-0.05,33,-0.1,15,0.05,57,0.07,82,2023
27069,Minnesota,Kittson,0,47,-0.44,8,0.04,51,-0.04,29,-0.28,14,-0.09,1,2023
27071,Minnesota,Koochiching,0.33,75,0.3,71,0.03,49,0.29,87,0.3,76,-0.08,2,2023
27073,Minnesota,Lac qui Parle,-0.19,32,-0.29,17,-0.01,42,0.01,53,-0.14,29,-0.08,3,2023
27075,Minnesota,Lake,-0.28,23,-0.24,23,-0.02,40,0.09,71,-0.04,43,-0.06,10,2023
27077,Minnesota,Lake of the Woods,0,47,-0.47,7,-0.05,35,0.13,78,-0.07,39,-0.02,28,2023
27079,Minnesota,Le Sueur,-0.33,20,-0.22,25,-0.06,30,0.02,55,-0.09,34,0.04,67,2023
27081,Minnesota,Lincoln,0.29,72,-0.31,15,-0.07,28,0.05,62,-0.1,33,-0.07,4,2023
27083,Minnesota,Lyon,-0.21,29,-0.23,24,0.01,47,-0.04,32,-0.21,17,-0.02,30,2023
27085,Minnesota,McLeod,-0.42,10,0.01,48,0,46,0.03,59,-0.17,24,0.01,49,2023
27087,Minnesota,Mahnomen,1.5,87,1.26,87,0.62,87,0.21,84,1.05,87,-0.02,32,2023
27089,Minnesota,Marshall,0.08,59,-0.14,34,-0.02,41,0.06,69,0.03,53,-0.03,22,2023
27091,Minnesota,Martin,-0.26,24,-0.05,39,0.09,63,-0.06,21,-0.05,41,0,44,2023
27093,Minnesota,Meeker,-0.45,8,-0.26,20,-0.04,36,0.12,76,-0.15,25,0.07,81,2023
27095,Minnesota,Mille Lacs,0.99,84,0.46,80,0.25,82,0.17,81,0.5,85,0.01,52,2023
27097,Minnesota,Morrison,0.13,62,-0.07,38,0.1,68,0,48,0.18,69,-0.01,38,2023
27099,Minnesota,Mower,0,55,0.5,81,0.07,57,0.05,64,0.14,67,0.02,62,2023
27101,Minnesota,Murray,-0.35,18,-0.02,42,-0.06,29,0.06,70,-0.03,45,-0.04,15,2023
27103,Minnesota,Nicollet,-0.54,3,-0.27,19,-0.14,14,-0.15,7,-0.29,13,0.02,63,2023
27105,Minnesota,Nobles,0.15,63,0.36,75,0.26,83,0.05,63,0.36,80,-0.04,16,2023
27107,Minnesota,Norman,0.21,68,0.64,86,0.15,76,0.03,58,0.33,77,-0.03,21,2023
27109,Minnesota,Olmsted,-0.39,14,-0.41,10,-0.37,4,-0.31,1,-0.32,7,-0.02,27,2023
27111,Minnesota,Otter Tail,0,53,-0.29,16,-0.12,16,-0.05,24,-0.08,37,0.05,75,2023
27113,Minnesota,Pennington,0,54,-0.09,36,-0.09,24,-0.14,9,-0.02,46,-0.03,23,2023
27115,Minnesota,Pine,0.26,70,0.2,66,0.26,84,0.25,85,0.38,82,0,48,2023
27117,Minnesota,Pipestone,-0.14,38,0.19,64,0.09,62,0.06,67,-0.07,38,-0.04,18,2023
27119,Minnesota,Polk,-0.01,44,-0.02,43,0.1,65,-0.02,42,0.1,64,0.01,56,2023
27121,Minnesota,Pope,0.15,64,0.03,51,-0.09,22,-0.04,31,-0.29,12,-0.03,20,2023
27123,Minnesota,Ramsey,-0.01,43,0.41,76,-0.24,7,-0.09,17,0.19,70,0.03,66,2023
27125,Minnesota,Red Lake,0,47,0.36,74,0.25,81,-0.05,25,-0.01,47,-0.06,8,2023
27127,Minnesota,Redwood,-0.19,31,0.36,73,0.08,59,0.09,72,-0.03,44,-0.03,24,2023
27129,Minnesota,Renville,0,46,0.55,84,0.12,70,0.05,65,0.13,66,-0.02,34,2023
27131,Minnesota,Rice,-0.33,19,-0.17,32,-0.12,18,-0.03,34,0,49,0.06,78,2023
27133,Minnesota,Rock,0.38,79,0.03,50,-0.07,26,-0.12,12,-0.35,6,-0.02,33,2023
27135,Minnesota,Roseau,0.36,77,-0.14,33,-0.02,39,-0.06,22,-0.15,26,0.02,59,2023
27137,Minnesota,St. Louis,0.28,71,0.52,83,0.1,66,-0.01,47,0.03,54,0,47,2023
27139,Minnesota,Scott,-0.67,2,-0.48,6,-0.36,6,-0.05,26,-0.37,5,0.01,55,2023
27141,Minnesota,Sherburne,-0.37,16,-0.37,13,-0.1,21,-0.05,27,-0.22,16,0.02,61,2023
27143,Minnesota,Sibley,-0.19,33,-0.2,27,-0.07,27,0.27,86,-0.11,30,0.09,86,2023
27145,Minnesota,Stearns,-0.17,37,-0.01,46,-0.06,32,-0.11,13,0.02,51,0.05,76,2023
27147,Minnesota,Steele,-0.36,17,-0.01,45,-0.08,25,-0.12,11,-0.06,40,0.05,77,2023
27149,Minnesota,Stevens,-0.29,22,-0.4,11,-0.11,20,0,51,-0.39,4,-0.05,13,2023
27151,Minnesota,Swift,0.51,82,0.09,57,0.17,77,0.04,60,0.22,73,-0.04,17,2023
27153,Minnesota,Todd,0.1,60,0.22,67,0.22,80,0.11,75,0.29,75,0,45,2023
27155,Minnesota,Traverse,0,47,-0.24,22,0.1,64,-0.03,40,0.16,68,-0.07,6,2023
27157,Minnesota,Wabasha,-0.3,21,-0.59,2,-0.13,15,-0.08,19,-0.25,15,0.03,64,2023
27159,Minnesota,Wadena,0.31,73,0.59,85,0.14,71,0.02,56,0.37,81,-0.01,37,2023
27161,Minnesota,Waseca,-0.39,13,0.06,54,0.02,48,-0.06,20,0,48,0.04,74,2023
27163,Minnesota,Washington,-0.5,6,-0.57,3,-0.48,2,-0.15,4,-0.44,2,0.02,60,2023
27165,Minnesota,Watonwan,0.23,69,0.04,53,0.18,79,0.11,74,0.21,72,0.01,53,2023
27167,Minnesota,Wilkin,0.21,67,-0.38,12,-0.03,38,-0.05,23,-0.11,31,-0.05,12,2023
27169,Minnesota,Winona,-0.37,15,0.07,56,-0.04,37,-0.01,44,-0.21,18,0.12,87,2023
27171,Minnesota,Wright,-0.54,4,-0.56,5,-0.22,8,-0.02,43,-0.4,3,0,46,2023
27173,Minnesota,Yellow Medicine,-0.42,11,-0.11,35,0.11,69,0.05,61,-0.08,36,-0.01,40,2023
